id,region_id,name_ar,name_en,name_search,is_governorate,is_capital,is_active,duplicate_of
1,1,الرياض,Riyadh,الرياض,True,True,True,
159,1,الدرعية,Ad Diriyah,الدرعيه,True,False,True,
160,1,الدوادمي,Ad Duwadimi,الدوادمي,True,False,True,
161,1,القويعية,Al Quwayi'Yah,القويعيه,True,False,True,
162,1,ثادق,Thadiq,ثادق,True,False,True,
163,1,المجمعة,Al Majma'Ah,المجمعه,True,False,True,
164,1,الخرج,Al Kharj,الخرج,True,False,True,
165,1,شقراء,Shaqra',شقراء,True,False,True,
166,1,مرات,Marat,مرات,True,False,True,
167,1,حريملاء,Huraymila,حريملاء,True,False,True,
168,1,الزلفي,Az Zulfi,الزلفي,True,False,True,
169,1,حوطة بني تميم,Hawtat Bani Tamim,حوطه بني تميم,True,False,True,
170,1,المزاحمية,Al Muzahimiyah,المزاحميه,True,False,True,
171,1,السليل,As Sulayyil,السليل,True,False,True,
172,1,الأفلاج,Alaflaaj,الافلاج,True,False,True,
173,1,رماح,Rumah,رماح,True,False,True,
174,1,عفيف,Afif,عفيف,True,False,True,
175,1,وادي الدواسر,Wadi Ad Dawasir,وادي الدواسر,True,False,True,
176,1,الحريق,Al Hariq,الحريق,True,False,True,
178,1,ضرما,Duruma,ضرما,True,False,True,
179,1,الغاط,Al Ghat,الغاط,True,False,True,
177,1,ساجر,Sager,ساجر,False,False,True,
180,1,عرقة,'Irqah,عرقه,False,False,True,
181,1,الحائر,Al Hair,الحاير,False,False,True,
182,1,الرين,Ar Rayn,الرين,False,False,True,
212,1,تمير,Tumair,تمير,False,False,True,
213,1,الدلم,Ad Dilam,الدلم,False,False,True,
214,1,مركز العيينة والجبيلة,Aloyynah,العيينه والجبيله,False,False,True,
222,1,مركز بريد الحلوة,Helwa,بريد الحلوه,False,False,True,
226,1,مركز تبراك والجله,Tebrak And El Jula Center,تبراك والجله,False,False,True,
228,1,جلاجل,Jalajil,جلاجل,False,False,True,
229,1,مركز جنوبية سدير,Janoubiyat Sodeir,جنوبيه سدير,False,False,True,
230,1,روضة سدير,Rawdhat Sudair,روضه سدير,False,False,True,
231,1,الارطاوية,Al Artawiyah,الارطاويه,False,False,True,
232,1,حوطة سدير,Hawtat Sudair,حوطه سدير,False,False,True,
234,1,مركز خيران السليل,Khairan Al Soleil,خيران السليل,False,False,True,
235,1,مركز تمره السليل,Tamrat Al Soleil,تمره السليل,False,False,True,
236,1,النويعمة,An Nuway'Mah,النويعمه,False,False,True,
237,1,مركز الفيضة ساجر,Alfaidat Sager,الفيضه ساجر,False,False,True,
327,1,البجادية,Al Bijadiyah,البجاديه,False,False,True,
344,1,الحزم,Al Hazim,الحزم,False,False,True,
348,1,الهياثم,Al Hayathim,الهياثم,False,False,True,
349,1,نعجان,Na'Jan,نعجان,False,False,True,
372,1,ملهم,Malham,ملهم,False,False,True,
373,1,ليلى,Layla,ليلي,False,False,True,
380,1,المفيجر,Almufaijir,المفيجر,False,False,True,
381,1,نعام,An Naam,نعام,False,False,True,
382,1,القصب,Al Qasab,القصب,False,False,True,
386,1,حرمة,Harmah,حرمه,False,False,True,
387,1,التويم,At Tuwaym,التويم,False,False,True,
388,1,عودة سدير,Awdat Sudayr,عوده سدير,False,False,True,
389,1,عشيرة سدير,Asharat Sudair,عشيره سدير,False,False,True,
390,1,الخطامة,Al Khutamah,الخطامه,False,False,True,
391,1,مبايض,Mubayid,مبايض,False,False,True,
392,1,الشعب,Ash Shib,الشعب,False,False,True,
413,1,القرائن,Al Qarain,القراين,False,False,True,
487,1,جرير,Jarir,جرير,False,False,True,
488,1,الفائزية,Al Faiziyah,الفايزيه,False,False,True,
489,1,المصارير,Al Masarir,المصارير,False,False,True,
491,1,ابرق النعام,Abraq An Na 'Am,ابرق النعام,False,False,True,
492,1,كمدة,Kamdah,كمده,False,False,True,
493,1,الفاو,Al Faw,الفاو,False,False,True,
494,1,حرجة الزفر,Hirjat Az Zufur,حرجه الزفر,False,False,True,
495,1,حجلة السواد,Hajlat As Suwad,حجله السواد,False,False,True,
496,1,الكواكب,Al Kawakib,الكواكب,False,False,True,
497,1,الدلعبي,Ad Dhala'Aby,الدلعبي,False,False,True,
498,1,بني لبيب,Bani Labib,بني لبيب,False,False,True,
499,1,خشم البازوم,Khashm Al Bazum,خشم البازوم,False,False,True,
500,1,خيران,Khayran,خيران,False,False,True,
501,1,تمرة,Tamrah,تمره,False,False,True,
502,1,حمام,Himam,حمام,False,False,True,
503,1,ريدا,Rayda,ريدا,False,False,True,
762,1,الوسيعة,Al Wasi'Ah,الوسيعه,False,False,True,
763,1,تمرية,Tamriyah,تمريه,False,False,True,
764,1,ابو خسيفاء,Abu Khusayfa,ابو خسيفاء,False,False,True,
765,1,النخيل,An Nakhil,النخيل,False,False,True,
766,1,السحيمي,As Suhaymi,السحيمي,False,False,True,
769,1,التنهاة,At Tanhah,التنهاه,False,False,True,
770,1,قري التويم,Qiri At Tuwaym,قري التويم,False,False,True,
771,1,الشحمة,Ash Shahmah,الشحمه,False,False,True,
773,1,جوي,Juwayy,جوي,False,False,True,
774,1,مقبلة,Muqbilah,مقبله,False,False,True,
775,1,جراب,Jirab,جراب,False,False,True,
777,1,النغيق,An Nughayq,النغيق,False,False,True,
778,1,حويمضة,Huwaimidah,حويمضه,False,False,True,
779,1,البتيراء,Al Butaira',البتيراء,False,False,True,
781,1,الفروثي,Al Furuthi,الفروثي,False,False,True,
782,1,الدخيلة,Ad Dakhilah,الدخيله,False,False,True,
783,1,الحصون,Al Husun,الحصون,False,False,True,
785,1,العمار,Al 'Amar,العمار,False,False,True,
787,1,المعشبة,Al Ma'Ashbah,المعشبه,False,False,True,
789,1,الجنيفي,Al Junayfi,الجنيفي,False,False,True,
790,1,العطار,Al 'Attar,العطار,False,False,True,
791,1,ام الجماجم,Umm Al Jamajim,ام الجماجم,False,False,True,
792,1,مشلح,Mishlah,مشلح,False,False,True,
793,1,ام رجوم,Umm Rujum,ام رجوم,False,False,True,
794,1,الرويضة,Ar Ruwaidah,الرويضه,False,False,True,
796,1,بوضاء,Bawda',بوضاء,False,False,True,
798,1,وشي,Wushayy,وشي,False,False,True,
1231,1,المنسف,Al Mansaf,المنسف,False,False,True,
1232,1,منسية الغربية,Mansiyah Al Gharbiyah,منسيه الغربيه,False,False,True,
1233,1,عشيرة,'Ushayrah,عشيره,False,False,True,
1235,1,الثوير,Ath Thuwayr,الثوير,False,False,True,
1236,1,زليغف,Zulayghif,زليغف,False,False,True,
1237,1,مزارع الاثلة,Mazari' Al Athlah,مزارع الاثله,False,False,True,
1238,1,مزارع الرحية,Mazari' Ar Ruhayyah,مزارع الرحيه,False,False,True,
1239,1,قصيباء,Qusayba,قصيباء,False,False,True,
1240,1,مزرعة بيضاء نثيل,Mazra'At Bayda Nuthayl,مزرعه بيضاء نثيل,False,False,True,
1241,1,امارة المستوي,Imarat Al Mistawi,اماره المستوي,False,False,True,
1242,1,سمنان,Samnan,سمنان,False,False,True,
1243,1,علقة,'Iliqah,علقه,False,False,True,
1263,1,حفر العتك,Hafr Al Atk,حفر العتك,False,False,True,
1264,1,المزيرع,Al Muzayri',المزيرع,False,False,True,
1265,1,شوية,Shawyah,شويه,False,False,True,
1267,1,الغيلانة,Al Ghaylanah,الغيلانه,False,False,True,
1268,1,الرمحية,Ar Rumhiyah,الرمحيه,False,False,True,
1272,1,مليح,Mulayh,مليح,False,False,True,
1293,1,مزارع البدائع,Mazari' Al Badai',مزارع البدايع,False,False,True,
1294,1,الخاتلة,Al Khatilah,الخاتله,False,False,True,
1295,1,البلاد الوسطى,Al Bilad Al Wusta,البلاد الوسطي,False,False,True,
1296,1,العليا,Al 'Ulya,العليا,False,False,True,
1297,1,الحسيان,Al Hisyan,الحسيان,False,False,True,
1298,1,الضلعي,Ad Dul 'Ayi,الضلعي,False,False,True,
1299,1,تنيبيكة,Tunaibikah,تنيبيكه,False,False,True,
1300,1,عبلة,'Abla,عبله,False,False,True,
1301,1,عبلية,'Abliyah,عبليه,False,False,True,
1302,1,هجرة السلات,Hijrat As Silat,هجره السلات,False,False,True,
1304,1,معرج قليشة,Mua'Rij Qulaishah,معرج قليشه,False,False,True,
1305,1,داغان,Daghan,داغان,False,False,True,
1306,1,الجرفية,Al Jurfiyah,الجرفيه,False,False,True,
1307,1,حشاشة,Hashashah,حشاشه,False,False,True,
1308,1,دار المردمة,Dar Al Marudumah,دار المردمه,False,False,True,
1309,1,لهدة الصياهد,Lahdat As Sayahid,لهده الصياهد,False,False,True,
1310,1,البرزاء,Al Barza,البرزاء,False,False,True,
1312,1,الخالدية,Al Khaldiyah,الخالديه,False,False,True,
1313,1,الحمادة,Al Hamadah,الحماده,False,False,True,
1314,1,القرارة,Al Qararah,القراره,False,False,True,
1333,1,بئر الفيضة,Bir Al Faydah,بير الفيضه,False,False,True,
1334,1,الهميج,Al Humayj,الهميج,False,False,True,
1336,1,خضراء,Khadra,خضراء,False,False,True,
1337,1,البدايع,Al Badayi',البدايع,False,False,True,
1338,1,بطاحة,Battahah,بطاحه,False,False,True,
1339,1,الصقرة,As Saqrah,الصقره,False,False,True,
1340,1,وبرة,Wabrah,وبره,False,False,True,
1341,1,أبو عشرة,Abu 'Isharah,ابو عشره,False,False,True,
1342,1,المعلق,Al Mu'Allaq,المعلق,False,False,True,
1343,1,الرميثي,Ar Rumaythi,الرميثي,False,False,True,
1344,1,الهرانية,Al Hiraniyah,الهرانيه,False,False,True,
1345,1,الرضم,Ar Radum,الرضم,False,False,True,
1346,1,الثعل,Ath Tha'Al,الثعل,False,False,True,
1347,1,الانسيات,Al Unsiyat,الانسيات,False,False,True,
1348,1,فرعة الرميثي,Far'At Ar Rumaythi,فرعه الرميثي,False,False,True,
1349,1,البطين,Al Butin,البطين,False,False,True,
1351,1,بديدة,Bidaydah,بديده,False,False,True,
1352,1,المجهلية,Al Mijhiliyah,المجهليه,False,False,True,
1353,1,البحرة,Al Baharah,البحره,False,False,True,
1354,1,بديعة,Buday'Ah,بديعه,False,False,True,
1355,1,الجثوم,Al Juthum,الجثوم,False,False,True,
1356,1,الشويطن,Ash Shuwaytin,الشويطن,False,False,True,
1357,1,المحامة,Al Mahamah,المحامه,False,False,True,
1358,1,ابرقية,Abraqiyah,ابرقيه,False,False,True,
1359,1,الجمانية,Al Jammaniyah,الجمانيه,False,False,True,
1360,1,الاشعرية,Al Ashariyah,الاشعريه,False,False,True,
1361,1,الخضارة,Al Khadarah,الخضاره,False,False,True,
1363,1,بدائع العضيان,Bidai' Al Idyan,بدايع العضيان,False,False,True,
1364,1,أم أرطى,Umm Arta,ام ارطي,False,False,True,
1365,1,المكلاة,Al Maklah,المكلاه,False,False,True,
1366,1,عشيران,'Ushayran,عشيران,False,False,True,
1634,1,البرزة,Al Barzah,البرزه,False,False,True,
1636,1,مشذوبة,Mashdhubah,مشذوبه,False,False,True,
1640,1,بعيثران,Bu'Aythiran,بعيثران,False,False,True,
1641,1,أم قصور,Umm Qusur,ام قصور,False,False,True,
1642,1,عبدة,'Abdah,عبده,False,False,True,
1643,1,خريصة,Khuraysah,خريصه,False,False,True,
1644,1,عجابة,'Ajabah,عجابه,False,False,True,
1645,1,المديفع,Al Mudayfi',المديفع,False,False,True,
1646,1,القدراوية,Al Qidrawiyah,القدراويه,False,False,True,
1648,1,أم أثلة,Umm Athlah,ام اثله,False,False,True,
1649,1,الأخضر,Al Akhdar,الاخضر,False,False,True,
1650,1,مطيعة,Muti'Ah,مطيعه,False,False,True,
1651,1,المدارة,Al Madarah,المداره,False,False,True,
1654,1,الدبيجة,Ad Dubayjah,الدبيجه,False,False,True,
1655,1,الروبضة / رغبة,Ar Rawbidah / Raghabah,الروبضه / رغبه,False,False,True,
1656,1,رويضة السهول,Rawdat As Suhul,رويضه السهول,False,False,True,
1657,1,مشاش السهول,Mishash As Suhul,مشاش السهول,False,False,True,
1658,1,الحسي,Al Hisi,الحسي,False,False,True,
1659,1,الصفرات,As Sufarat,الصفرات,False,False,True,
1660,1,البير,Al Bir,البير,False,False,True,
1661,1,رويغب,Ruwayghib,رويغب,False,False,True,
1676,1,العضيانية,Al 'Idayyaniyah,العضيانيه,False,False,True,
1677,1,عجلة,'Ajlah,عجله,False,False,True,
1678,1,سعدة,Sa'Dah,سعده,False,False,True,
1679,1,جفن ضب,Jafn Dabb,جفن ضب,False,False,True,
1680,1,دلقان,Dalqan,دلقان,False,False,True,
1681,1,أم السباع,Umm As Siba',ام السباع,False,False,True,
1682,1,الجله الأعلى,Al Jilh Al A'La,الجله الاعلي,False,False,True,
1683,1,الخفق الجنوبي,Al Khafaq Al Janubi,الخفق الجنوبي,False,False,True,
1684,1,الدحوة,Ad Dihwah,الدحوه,False,False,True,
1685,1,الخفق القديم,Al Khafaq Al Qadim,الخفق القديم,False,False,True,
1686,1,الشرمية,Ash Sharmiyah,الشرميه,False,False,True,
1687,1,مراغان,Maraghan,مراغان,False,False,True,
1689,1,الجروية,Al Jarwiyah,الجرويه,False,False,True,
1690,1,العوشزية,Al 'Awshaziyah,العوشزيه,False,False,True,
1692,1,القلتة,Al Qaltah,القلته,False,False,True,
1693,1,لعلع,Li'Li',لعلع,False,False,True,
1694,1,الغريري,Al Ghurayri,الغريري,False,False,True,
1695,1,الخنقة,Al Khunqah,الخنقه,False,False,True,
1696,1,النسق القديم,An Nasaq Al Qadim,النسق القديم,False,False,True,
1698,1,بيضاء نثيل,Bayda Nthayl,بيضاء نثيل,False,False,True,
1699,1,أم الدباء,Umm Ad Diba,ام الدباء,False,False,True,
1700,1,الأمار,Al Amar,الامار,False,False,True,
1701,1,عسيلان,'Usaylan,عسيلان,False,False,True,
1702,1,السدرية,As Sidriyah,السدريه,False,False,True,
1703,1,أم الشبرم,Umm Ash Shubrum,ام الشبرم,False,False,True,
1704,1,الحجاجي,Al Hijjaji,الحجاجي,False,False,True,
1705,1,الغبياء,Al Ghubayya,الغبياء,False,False,True,
1707,1,أبو حميض,Abu Humayd,ابو حميض,False,False,True,
1708,1,النبيبيع,An Nubaybi',النبيبيع,False,False,True,
1709,1,النباع,An Naba',النباع,False,False,True,
1710,1,الملقى,Al Malqa,الملقي,False,False,True,
1711,1,حجيلاء,Hujayla,حجيلاء,False,False,True,
1712,1,العبد,Al 'Abd,العبد,False,False,True,
1713,1,أم الجثجاث,Umm Al Jithjath,ام الجثجاث,False,False,True,
1714,1,أم جفر,Umm Jafr,ام جفر,False,False,True,
1715,1,الخلفية,Al Khalfiyah,الخلفيه,False,False,True,
1716,1,المشاش,Al Mishash,المشاش,False,False,True,
1717,1,الصوح,As Suh,الصوح,False,False,True,
1718,1,اشيقر,Ushayqir,اشيقر,False,False,True,
1719,1,ام طليحة,Umm Tulaihah,ام طليحه,False,False,True,
1720,1,الداهنة,Ad Dahinah,الداهنه,False,False,True,
1721,1,الجريفة,Al Juraifah,الجريفه,False,False,True,
1722,1,الوقف,Al Waqf,الوقف,False,False,True,
1723,1,العلوة,Al 'Uluwah,العلوه,False,False,True,
1724,1,فرحة,Farhah,فرحه,False,False,True,
1725,1,عروى,'Arawa,عروي,False,False,True,
1726,1,فردة,Fardah,فرده,False,False,True,
1727,1,مويسل,Muwaysil,مويسل,False,False,True,
1728,1,الشاة,Ash Shat,الشاه,False,False,True,
1730,1,مشرف,Mushrif,مشرف,False,False,True,
1731,1,بدائع سويقة,Bidai Suwayqah,بدايع سويقه,False,False,True,
1732,1,الصلبية,As Sulubiyah,الصلبيه,False,False,True,
1734,1,مزارع الروضة,Mazari' Ar Rawdah,مزارع الروضه,False,False,True,
1735,1,هرمولة,Hurmulah,هرموله,False,False,True,
1739,1,رغلة,Raghlah,رغله,False,False,True,
1741,1,ضبة,Dabbah,ضبه,False,False,True,
1742,1,العطاوي,Al 'Atawi,العطاوي,False,False,True,
1743,1,الحفائر,Al Hafair,الحفاير,False,False,True,
1744,1,مزارع طينان,Mazari' Tinan,مزارع طينان,False,False,True,
1745,1,منيفة,Munifah,منيفه,False,False,True,
1746,1,قويعان,Quway'An,قويعان,False,False,True,
1747,1,الحنابج,Al Hanabij,الحنابج,False,False,True,
1748,1,الشفلحية,Ash Shifallahiyah,الشفلحيه,False,False,True,
1749,1,روضة وثيلان,Rawdat Wuthaylan,روضه وثيلان,False,False,True,
1750,1,ابو ركب,Abu Rukab,ابو ركب,False,False,True,
1753,1,أبو عرينة,Abu Uraynah,ابو عرينه,False,False,True,
1755,1,بحار الجديد,Bihar Al Jadid,بحار الجديد,False,False,True,
1758,1,العقلة,Al 'Uqlah,العقله,False,False,True,
1759,1,الحفنة,Al Hifnah,الحفنه,False,False,True,
1760,1,الدهاسية,Ad Dahasiyah,الدهاسيه,False,False,True,
1761,1,المصلوم,Al Maslum,المصلوم,False,False,True,
1763,1,أم رضمة,Umm Rudmah,ام رضمه,False,False,True,
1764,1,السنارية,As Sinnariyah,السناريه,False,False,True,
1765,1,الديرية,Ad Dirirah,الديريه,False,False,True,
1766,1,المغزل,Al Mighzal,المغزل,False,False,True,
1767,1,جوباح,Jubah,جوباح,False,False,True,
1768,1,القرنة,Al Qurnah,القرنه,False,False,True,
1769,1,وثيلان,Wuthaylan,وثيلان,False,False,True,
1770,1,عين الصوينع,'Ayn As Suwayni',عين الصوينع,False,False,True,
1771,1,الأرطاوي,Al Artawi,الارطاوي,False,False,True,
1772,1,الثندوة,Ath Thiduwah,الثندوه,False,False,True,
1774,1,جنوب البرود,Janub Al Burud,جنوب البرود,False,False,True,
1775,1,غرب البرود,Gharb Al Burud,غرب البرود,False,False,True,
1776,1,الريشية,Ar Rishiyah,الريشيه,False,False,True,
1778,1,مزرعة البيضة,Mazra'At Al Bidah,مزرعه البيضه,False,False,True,
1779,1,السليسية,As Sulaysiyah,السليسيه,False,False,True,
1780,1,مزرعة سليسان,Mazra'At Sulaysan,مزرعه سليسان,False,False,True,
1781,1,العويجاء,Al 'Uwayja,العويجاء,False,False,True,
1782,1,العدوة,Al 'Udwah,العدوه,False,False,True,
1784,1,بدائع الهمجة,Bada'I Al Hamjah,بدايع الهمجه,False,False,True,
1785,1,فيضة القوازين,Faydat Al Quwazin,فيضه القوازين,False,False,True,
1786,1,مزارع مصيقرة,Mazari' Musayqirat,مزارع مصيقره,False,False,True,
1787,1,الفيحاء,Al Fayha,الفيحاء,False,False,True,
1788,1,الدسمة,Ad Dasmah,الدسمه,False,False,True,
1789,1,صفاقة,Saffaqah,صفاقه,False,False,True,
1790,1,قبيعة,Qubay'Ah,قبيعه,False,False,True,
1791,1,الشبرمية,Ash Shubrumiyah,الشبرميه,False,False,True,
1792,1,كويكبة,Kuwaykibah,كويكبه,False,False,True,
1793,1,أم طليحة,Umm Tulayhah,ام طليحه,False,False,True,
1794,1,الرقيبة,Ar Raqibah,الرقيبه,False,False,True,
1795,1,بدع الصعكي,Bid' As Si'Aki,بدع الصعكي,False,False,True,
1796,1,سلطانة,Sultanah,سلطانه,False,False,True,
1798,1,الملينية,Al Milayyiniyah,الملينيه,False,False,True,
1799,1,البديعة,Al Bidi'Ah,البديعه,False,False,True,
1800,1,روضة جهام,Rawdat Jaham,روضه جهام,False,False,True,
1801,1,مزارع الجديدة,Mazari' Al Jadidah,مزارع الجديده,False,False,True,
1802,1,منيفة المغايرة,Munifat Al Maghayirah,منيفه المغايره,False,False,True,
1803,1,الرميحة,Ar Rumayhah,الرميحه,False,False,True,
1804,1,حسو الحيد,Hasu Al Hayd,حسو الحيد,False,False,True,
1806,1,الدارة,Ad Darah,الداره,False,False,True,
1807,1,الدمثي,Ad Damthi,الدمثي,False,False,True,
1809,1,كبشان,Kabshan,كبشان,False,False,True,
1810,1,حديجة,Hudayjah,حديجه,False,False,True,
1813,1,الجمش,Al Jimsh,الجمش,False,False,True,
1875,1,نجخ,Najkh,نجخ,False,False,True,
1876,1,جريسة,Juraysah,جريسه,False,False,True,
1877,1,ام العثاكل,Umm Al 'Athakil,ام العثاكل,False,False,True,
1878,1,عرجاء,Arja',عرجاء,False,False,True,
1881,1,نفي,Nifi,نفي,False,False,True,
1882,1,مصدة,Musiddah,مصده,False,False,True,
1883,1,الخفيفية,Al Khufayfiyah,الخفيفيه,False,False,True,
1885,1,أرطاوي الرقاص,Artawi Ar Raqqas,ارطاوي الرقاص,False,False,True,
1887,1,مزرعة الخفيسة,Mazra'At Al Khufaysah,مزرعه الخفيسه,False,False,True,
1888,1,عين القنور,'Ayn Al Qannur,عين القنور,False,False,True,
1889,1,التسرير,At Tasrir,التسرير,False,False,True,
1890,1,الاثلة,Al Athlah,الاثله,False,False,True,
1891,1,عريفيجان,'Urayfijan,عريفيجان,False,False,True,
1892,1,السكران,As Sakran,السكران,False,False,True,
1893,1,جفن,Jifin,جفن,False,False,True,
1894,1,البرود,Al Burud,البرود,False,False,True,
1895,1,جفنا,Jifana,جفنا,False,False,True,
1896,1,الصالحية,As Salhiyah,الصالحيه,False,False,True,
1897,1,العاذرية,Al 'Adhiriyah,العاذريه,False,False,True,
1900,1,جهام ابو عشر,Jaham Abu 'Ishar,جهام ابو عشر,False,False,True,
1901,1,مشرفة,Mushrifah,مشرفه,False,False,True,
1902,1,الحزيمية,Al Huzaymiyah,الحزيميه,False,False,True,
1903,1,خف,Khuff,خف,False,False,True,
1904,1,المحمدية,Al Muhammadiyah,المحمديه,False,False,True,
1905,1,الحفيرة,Al Hufayyirah,الحفيره,False,False,True,
1906,1,ماسل,Masal,ماسل,False,False,True,
1909,1,رضوى,Radwa,رضوي,False,False,True,
1910,1,ارطاوي حليت,Artawi Hillit,ارطاوي حليت,False,False,True,
1911,1,عواضة,'Awwadah,عواضه,False,False,True,
1912,1,شرارة,Shararah,شراره,False,False,True,
1913,1,صقرة,Saqrah,صقره,False,False,True,
1914,1,العقيشية,Al Uqayshiyah,العقيشيه,False,False,True,
1915,1,القرين,Al Qurayn,القرين,False,False,True,
1916,1,عقلة الغويري,Uqlat Al Uwayri,عقله الغويري,False,False,True,
1917,1,ام زموع,Umm Zumu',ام زموع,False,False,True,
1918,1,عين البراحة,'Ayn Al Barahah,عين البراحه,False,False,True,
1919,1,مغيراء,Mughayra',مغيراء,False,False,True,
1920,1,الضحوي,Ad Dahawi,الضحوي,False,False,True,
1922,1,المغيب,Al Maghib,المغيب,False,False,True,
1923,1,فيضة المفص,Faydat Al Mafass,فيضه المفص,False,False,True,
1924,1,عريدة,'Urayyidah,عريده,False,False,True,
1925,1,العازمية,Al 'Azimiyah,العازميه,False,False,True,
1926,1,المحوي,Al Mahawi,المحوي,False,False,True,
1927,1,المدرع,Al Mudarri',المدرع,False,False,True,
1928,1,سرورة,Sururah,سروره,False,False,True,
1929,1,عصماء,Asma',عصماء,False,False,True,
1932,1,مساوي,Musawi,مساوي,False,False,True,
1948,1,الطوقي,At Tawqi,الطوقي,False,False,True,
1949,1,سدوس,Sudus,سدوس,False,False,True,
1950,1,حزوى,Hizwa,حزوي,False,False,True,
1951,1,دقلة,Diqalah,دقله,False,False,True,
1952,1,حليفة,Hulayfah,حليفه,False,False,True,
1953,1,صلبوخ,Sulbukh,صلبوخ,False,False,True,
1955,1,العويند,Al Uwaynid,العويند,False,False,True,
1956,1,البويب,Al Buwayb,البويب,False,False,True,
1958,1,الغنامية,Al Ghanamiyah,الغناميه,False,False,True,
1959,1,العماج,Al 'Ammaj,العماج,False,False,True,
1960,1,هيت,Hit,هيت,False,False,True,
1962,1,كهف برمة,Kahf Barmah,كهف برمه,False,False,True,
1963,1,بنبان,Banban,بنبان,False,False,True,
1964,1,الثمامة,Ath Thumamah,الثمامه,False,False,True,
1965,1,لبن,Laban,لبن,False,False,True,
1966,1,العريدية,Al 'Uraydiyah,العريديه,False,False,True,
1967,1,العباسية,Al 'Abbasiyah,العباسيه,False,False,True,
1970,1,ثرمداء,Tharmada',ثرمداء,False,False,True,
1972,1,أثيثية,Uthaythiyah,اثيثيه,False,False,True,
1973,1,لبخة,Labkhah,لبخه,False,False,True,
1974,1,روضة الفرس,Rawdat Al Faras,روضه الفرس,False,False,True,
1975,1,ام طلحة,Umm Talhah,ام طلحه,False,False,True,
1976,1,حويتة,Huwaytah,حويته,False,False,True,
1977,1,الطويلة,At Tawilah,الطويله,False,False,True,
1978,1,أوبير,Ubayr,اوبير,False,False,True,
1980,1,العيينة,Al Uyainah,العيينه,False,False,True,
1981,1,الوصيل,Al Wusayl,الوصيل,False,False,True,
1982,1,أبا الكباش,Aba Al Kibash,ابا الكباش,False,False,True,
1983,1,الجبيلة,Al Jubaylah,الجبيله,False,False,True,
1984,1,العمارية,Al 'Ammariyah,العماريه,False,False,True,
1985,1,بوضة,Bawdah,بوضه,False,False,True,
1987,1,قصر القرينة,Qasr Al Quraynah,قصر القرينه,False,False,True,
1988,1,قصر فيهق,Qasr Fayhaq,قصر فيهق,False,False,True,
1989,1,قصور المقبل,Qusur Al Muqbil,قصور المقبل,False,False,True,
1990,1,الغطغط,Al Ghutghut,الغطغط,False,False,True,
1991,1,قصر ابن شهيل,Qasr Ibn Shuhayl,قصر ابن شهيل,False,False,True,
1992,1,المغرفية,Al Maghrafiyah,المغرفيه,False,False,True,
1993,1,جو,Jaww,جو,False,False,True,
1994,1,الغزيز,Al Ghuzayz,الغزيز,False,False,True,
1995,1,الثمامي,Ath Thumamy,الثمامي,False,False,True,
1996,1,وعلة,Wa'Alah,وعله,False,False,True,
1997,1,الشامانية,Ash Shamaniyah,الشامانيه,False,False,True,
1998,1,القصورية,Al Qusuriyah,القصوريه,False,False,True,
1999,1,مزلة,Mazallah,مزله,False,False,True,
2001,1,الشواة,Ash Shawah,الشواه,False,False,True,
2002,1,عليان,'Ilayyan,عليان,False,False,True,
2003,1,عيدان,Idan,عيدان,False,False,True,
2004,1,سيح الدبول,Sayh Ad Dubul,سيح الدبول,False,False,True,
2005,1,الهمجة,Al Hamjah,الهمجه,False,False,True,
2006,1,الرفيعة,Ar Rafi'Ah,الرفيعه,False,False,True,
2007,1,الكدرة,Al Kadrah,الكدره,False,False,True,
2009,1,الخيس,Al Khis,الخيس,False,False,True,
2010,1,الدويرة,Ad Duwayrah,الدويره,False,False,True,
2012,1,سماح,Samah,سماح,False,False,True,
2014,1,داحس,Dahis,داحس,False,False,True,
2015,1,دسمان,Dasman,دسمان,False,False,True,
2016,1,العويسية,Al 'Uwaysiyah,العويسيه,False,False,True,
2017,1,العلياء,Al 'Ulayya,العلياء,False,False,True,
2018,1,مزرعة مزعلة,Mazra'At Miz'Ilah,مزرعه مزعله,False,False,True,
2019,1,القوسة,Al Qawsah,القوسه,False,False,True,
2020,1,الروغ,Ar Rawgh,الروغ,False,False,True,
2021,1,الوسيطاء,Al Wusayta,الوسيطاء,False,False,True,
2022,1,البعيثية,Al Bu'Aythiyah,البعيثيه,False,False,True,
2023,1,الشتلانية,Ash Shatlaniyah,الشتلانيه,False,False,True,
2024,1,جدالة,Jaddalah,جداله,False,False,True,
2025,1,قفرة,Qafarah,قفره,False,False,True,
2026,1,أجزالا,Ajzala,اجزالا,False,False,True,
2027,1,الجفارة,Al Jafarah,الجفاره,False,False,True,
2028,1,غودة,Ghawdah,غوده,False,False,True,
2029,1,حلبان,Halaban,حلبان,False,False,True,
2030,1,سنام,Sanam,سنام,False,False,True,
2031,1,الرجع,Ar Raj',الرجع,False,False,True,
2032,1,طحي,Tuhayy,طحي,False,False,True,
2034,1,الخنيقية,Al Khunayqiyah,الخنيقيه,False,False,True,
2035,1,المثناة,Al Mathnah,المثناه,False,False,True,
2036,1,الجله,Al Jilh,الجله,False,False,True,
2037,1,الربواء,Ar Rabwa,الربواء,False,False,True,
2038,1,لجعة,Laj'Ah,لجعه,False,False,True,
2039,1,نخيلان,Nukhaylan,نخيلان,False,False,True,
2040,1,عنان,'Inan,عنان,False,False,True,
2042,1,صبحاء,Sabha,صبحاء,False,False,True,
2109,1,حوطة الحلوة,Hutat Al Hilwah,حوطه الحلوه,False,False,True,
2110,1,اسفل الباطن,Asfal Al Batin,اسفل الباطن,False,False,True,
2111,1,الفرعة,Al Far'Ah,الفرعه,False,False,True,
2112,1,المثعب,Al Mith'Ab,المثعب,False,False,True,
2113,1,الحلوة,Al Hilwah,الحلوه,False,False,True,
2114,1,الحيطان,Al Haytan,الحيطان,False,False,True,
2115,1,وادي البرك,Wadi Al Bark,وادي البرك,False,False,True,
2116,1,الشكرة,Ash Shukrah,الشكره,False,False,True,
2117,1,الفيصلية,Al Faysaliyah,الفيصليه,False,False,True,
2118,1,النايفية,An Naifiyah,النايفيه,False,False,True,
2119,1,القطين,Al Qatin,القطين,False,False,True,
2120,1,الخرفة,Al Kharfah,الخرفه,False,False,True,
2121,1,الروضة,Ar Rawdah,الروضه,False,False,True,
2122,1,سويدانا,Swidana,سويدانا,False,False,True,
2123,1,مروان,Marwan,مروان,False,False,True,
2124,1,واسط,Wasit,واسط,False,False,True,
2125,1,الحمر,Al Hamr,الحمر,False,False,True,
2126,1,البديع الجنوبى,Al Badi' Al Janubi,البديع الجنوبي,False,False,True,
2127,1,البديع الشمالي,Al Badi' Ash Shamali,البديع الشمالي,False,False,True,
2128,1,الهدار,Al Haddar,الهدار,False,False,True,
2129,1,ساقي الناهض,Saqi An Nahid,ساقي الناهض,False,False,True,
2130,1,الغيل,Al Ghayl,الغيل,False,False,True,
2131,1,ستارة,Sitarah,ستاره,False,False,True,
2132,1,حراضة,Haradah,حراضه,False,False,True,
2173,1,أم سريحة,Umm Surayhah,ام سريحه,False,False,True,
2174,1,الخروعية,Al Kharwa'Iyah,الخروعيه,False,False,True,
2175,1,المجذمية,Al Majdhamiyah,المجذميه,False,False,True,
2176,1,الحفيرة / حصاة قحطان,Al Hufayyirah (Hasat Qahtan),الحفيره / حصاه قحطان,False,False,True,
2177,1,الحرملية,Al Harmaliyah,الحرمليه,False,False,True,
2178,1,خبراء الثوير,Khabra Ath Thawir,خبراء الثوير,False,False,True,
2180,1,محيرقة,Muhairiqah,محيرقه,False,False,True,
2181,1,مرقان,Marqan,مرقان,False,False,True,
2182,1,ام نخيلة,Umm Nakhilah,ام نخيله,False,False,True,
2183,1,ام الدبي,Umm Ad Dibay,ام الدبي,False,False,True,
2184,1,خبراء حلوة,Khabra Halwah,خبراء حلوه,False,False,True,
2185,1,حجيلا,Hujaila,حجيلا,False,False,True,
2186,1,الفويلق,Al Fuwayliq,الفويلق,False,False,True,
2187,1,القويع,Al Quway',القويع,False,False,True,
2188,1,مزعل,Miz'Il,مزعل,False,False,True,
2189,1,بدائع المشاعلة,Badai' Al Masha'Ilah,بدايع المشاعله,False,False,True,
2190,1,خبراء فاران,Khabra Faran,خبراء فاران,False,False,True,
2191,1,خبيب الريم,Khubayb Ar Rim,خبيب الريم,False,False,True,
2193,1,أم طليح,Umm Tulayh,ام طليح,False,False,True,
2194,1,المانعية,Al Mani'Iyah,المانعيه,False,False,True,
2195,1,الجديدة,Al Jadidah,الجديده,False,False,True,
2197,1,الذيبية,Adh Dhibiyah,الذيبيه,False,False,True,
2198,1,الصدر,As Sadr,الصدر,False,False,True,
2199,1,أبرقية,Abraqiyah,ابرقيه,False,False,True,
2200,1,حجرفة,Hajrufah,حجرفه,False,False,True,
2201,1,معانيق,Ma'Aniq,معانيق,False,False,True,
2202,1,الصيهد,As Sayhad,الصيهد,False,False,True,
2203,1,اللغفة,Al Laghfah,اللغفه,False,False,True,
2204,1,الخفق الجديد,Al Khafaq Al Jadid,الخفق الجديد,False,False,True,
2205,1,ظلماء,Dhalma,ظلماء,False,False,True,
2206,1,الخلائق الشرقية,Al Khalaiq Ash Sharqiyah,الخلايق الشرقيه,False,False,True,
2207,1,تبراك,Tibrak,تبراك,False,False,True,
2209,1,الاوسط,Al Awsat,الاوسط,False,False,True,
2210,1,الحويرة,Al Huwayrrah,الحويره,False,False,True,
2211,1,خشم معضد,Khashm Mi'Dad,خشم معضد,False,False,True,
2212,1,البخرا,Al Bakhra,البخرا,False,False,True,
2213,1,اللغفية,Al Lughfiyah,اللغفيه,False,False,True,
2214,1,المسبر,Al Masbar,المسبر,False,False,True,
2215,1,النظيم,An Nadhim,النظيم,False,False,True,
2216,1,حفرة نساح,Hafirat Nisah,حفره نساح,False,False,True,
2217,1,عجاج,'Ajaj,عجاج,False,False,True,
2218,1,المشاعلة,Al Masha'Ilah,المشاعله,False,False,True,
2219,1,قنيفذة,Qunayfidhah,قنيفذه,False,False,True,
2220,1,عفرية,Ifriyah,عفريه,False,False,True,
2221,1,الخلائق الغربية,Al Khalaiq Al Gharbiyah,الخلايق الغربيه,False,False,True,
2222,1,الجفير,Al Jufayr,الجفير,False,False,True,
2273,1,العين,Al 'Ayn,العين,False,False,True,
2274,1,خفس دغرة,Khafs Daghrah,خفس دغره,False,False,True,
2275,1,البياض,Al Biyad,البياض,False,False,True,
2276,1,اليمامة,Al Yamamah,اليمامه,False,False,True,
2277,1,الرفاع,Ar Rufa',الرفاع,False,False,True,
2278,1,البرة,Al Barrah,البره,False,False,True,
2279,1,فرزان,Farzan,فرزان,False,False,True,
2281,1,الرفائع,Ar Rufai',الرفايع,False,False,True,
2282,1,العذار,Al 'Adhar,العذار,False,False,True,
2283,1,زميقة,Zumayqah,زميقه,False,False,True,
2284,1,البدع القديم,Al Bada' Al Qadim,البدع القديم,False,False,True,
2285,1,الضبعية,Ad Dubay'Ah,الضبعيه,False,False,True,
2286,1,حي القطار,Hai Al Qitar,حي القطار,False,False,True,
2287,1,السلمية,As Silimiyah,السلميه,False,False,True,
2288,1,البدع,Al Bada',البدع,False,False,True,
2289,1,السهباء,As Sahba',السهباء,False,False,True,
2290,1,الثليما,Ath Thalima,الثليما,False,False,True,
2291,1,التوضيحية,At Tawdihiyyah,التوضيحيه,False,False,True,
2292,1,المحطة,Al Mahattah,المحطه,False,False,True,
2293,1,الرغيب,Ar Rughayb,الرغيب,False,False,True,
2294,1,المحمدي,Al Muhammadi,المحمدي,False,False,True,
2295,1,الصحنة,As Sahanah,الصحنه,False,False,True,
2382,1,الشكيرة,Ash Shukayyrah,الشكيره,False,False,True,
2383,1,هجرة المغر,Hijrat Al Mughur,هجره المغر,False,False,True,
2384,1,مزارع المحتجبة,Mazari' Al Muhtajibah,مزارع المحتجبه,False,False,True,
2385,1,الغرابة,Al Ghurabah,الغرابه,False,False,True,
2386,1,القاعية,Al Qa'Iyah,القاعيه,False,False,True,
2387,1,غسلة,Ghuslah,غسله,False,False,True,
2388,1,حلوان,Halwan,حلوان,False,False,True,
2389,1,حصرة,Hasarah,حصره,False,False,True,
2390,1,الثمامية,Ath Thumamiyah,الثماميه,False,False,True,
2391,1,لبيدة,Lubaydah,لبيده,False,False,True,
2392,1,النقعة,An Niq'Ah,النقعه,False,False,True,
2393,1,افقرا,Afqirah,افقرا,False,False,True,
2395,1,الفقارة,Al Fuqarah,الفقاره,False,False,True,
2396,1,الودي,Al Wuday,الودي,False,False,True,
2398,1,الخبة,Al Khubbah,الخبه,False,False,True,
2399,1,النبوان,An Nabuwan,النبوان,False,False,True,
2400,1,الرديفة,Ar Rudifah,الرديفه,False,False,True,
2401,1,الرشاوية,Ar Rishawiyah,الرشاويه,False,False,True,
2402,1,مطربة,Mutribah,مطربه,False,False,True,
2403,1,المستجدة,Al Mustajiddah,المستجده,False,False,True,
2404,1,العامرية,Al Amiriyah,العامريه,False,False,True,
2405,1,الفيضة,Al Faydah,الفيضه,False,False,True,
2406,1,الظلماوي,Adh Dhalmawi,الظلماوي,False,False,True,
2407,1,شبيرمة,Shubayrimah,شبيرمه,False,False,True,
2408,1,عصام,Isam,عصام,False,False,True,
2409,1,عبادة,Abbadah,عباده,False,False,True,
2410,1,الحيد,Al Hayd,الحيد,False,False,True,
2411,1,العبل,Al 'Abal,العبل,False,False,True,
2412,1,ارطاوي الحماميد,Artawi Al Hamamid,ارطاوي الحماميد,False,False,True,
2413,1,بدائع ابن نجم,Badai' Ibn Najim,بدايع ابن نجم,False,False,True,
3072,1,ابن غنام,Ibn Ghannam,ابن غنام,False,False,True,
3074,1,ابو جلال,Abu Jilal,ابو جلال,False,False,True,
3079,1,ابو رجوم,Abu Rijum,ابو رجوم,False,False,True,
3081,1,ابو عشرة,Abu Isharah,ابو عشره,False,False,True,
3084,1,ابو مروة,Abu Marwah,ابو مروه,False,False,True,
3085,1,اثيثية,Uthaythiyah,اثيثيه,False,False,True,
3087,1,ارطاوي الرقاص,Artawi Ar Raqqas,ارطاوي الرقاص,False,False,True,
3135,1,الارطاوي,Al Artawi,الارطاوي,False,False,True,
3267,1,ام السباع,Umm As Siba,ام السباع,False,False,True,
3272,1,ام سدرة,Umm Sidrah,ام سدره,False,False,True,
3274,1,ام سليم,Umm Sulaym,ام سليم,False,False,True,
3278,1,اوضاخ,Udakh,اوضاخ,False,False,True,
3368,1,أم سديرة,Umm Sudayrah,ام سديره,False,False,True,
3428,1,الحيد,Al Heed,الحيد,False,False,True,
17,2,مكة المكرمة,Makkah Al Mukarramah,مكه المكرمه,True,True,True,
2,2,جدة,Jeddah,جده,True,False,True,
183,2,الطائف,At Taif,الطايف,True,False,True,
184,2,القنفذة,Al Qunfidhah,القنفذه,True,False,True,
185,2,الليث,Al Lith,الليث,True,False,True,
186,2,رابغ,Rabigh,رابغ,True,False,True,
187,2,الجموم,Al Jumum,الجموم,True,False,True,
188,2,رنية,Ranyah,رنيه,True,False,True,
189,2,تربة,Turbah,تربه,True,False,True,
190,2,الخرمة,Al Khurmah,الخرمه,True,False,True,
191,2,خليص,Khulays,خليص,True,False,True,
192,2,الكامل,Al Kamel,الكامل,True,False,True,
302,2,اضم,Adham,اضم,True,False,True,
334,2,مركز المويه,مركز المويه,المويه,True,False,True,
398,2,بحرة,Bahrah,بحره,True,False,True,
400,2,العرضيات,Ardiyat,العرضيات,True,False,True,
3350,2,ميسان,Maysan,ميسان,True,False,True,
215,2,ثول,Thuwal,ثول,False,False,True,
217,2,مركز الزبما,Zubma,الزبما,False,False,True,
247,2,مركز السحن ببني سعد,Alsahen Center In Bani Sa'Ad,السحن ببني سعد,False,False,True,
248,2,السيل الكبير,As Sayl Al Kabir,السيل الكبير,False,False,True,
249,2,مركز قيا بالحارث,Qiyabelharth,قيا بالحارث,False,False,True,
250,2,مركز المحاني,Almahani,المحاني,False,False,True,
251,2,مركز ترعة ثقيف,Tera'At Thaqeef,ترعه ثقيف,False,False,True,
252,2,مركز الهدا,Alhada Center,الهدا,False,False,True,
254,2,حداد,Haddad,حداد,False,False,True,
255,2,مركز الحوية,Alhawiya,الحويه,False,False,True,
257,2,السيل الصغير,As Sayl As Saghir,السيل الصغير,False,False,True,
293,2,مركز العريضية الجنوبية,مركز العريضية الجنوبية,العريضيه الجنوبيه,False,False,True,
294,2,مركز العريضية الشمالية,مركز العريضية الشمالية,العريضيه الشماليه,False,False,True,
295,2,مركز المظليف,مركز المظليف,المظليف,False,False,True,
296,2,مركز حلي,مركز حلي,حلي,False,False,True,
297,2,القوز,Al Qawz,القوز,False,False,True,
301,2,مركز الحائرة,مركز الحائرة,الحايره,False,False,True,
305,2,مركز حجر,مركز حجر,حجر,False,False,True,
306,2,مركز مستورة,مركز مستورة,مستوره,False,False,True,
307,2,هدى الشام,هدى الشام,هدي الشام,False,False,True,
308,2,عسفان,Isfan,عسفان,False,False,True,
309,2,مركز مدركة,مركز مدركة,مدركه,False,False,True,
310,2,مركز بريد الخوار,مركز بريد الخوار,بريد الخوار,False,False,True,
316,2,مركز البرزة,مركز البرزة,البرزه,False,False,True,
317,2,مركز ام الجرم,مركز ام الجرم,ام الجرم,False,False,True,
319,2,مركز غران,مركز غران,غران,False,False,True,
330,2,بريد مركز الظبية والجمعة,بريد مركز الظبية والجمعة,بريد مركز الظبيه والجمعه,False,False,True,
332,2,بريد ميسان,بريد ميسان,بريد ميسان,False,False,True,
346,2,مدينة الملك عبدالله الاقتصادية,King Abdullah Economic City,الملك عبدالله الاقتصاديه,False,False,True,
407,2,ترعة,Tir'Ah,ترعه,False,False,True,
2899,2,السريح,As Sirayh,السريح,False,False,True,
2900,2,الفعور,Al Fu'Ur,الفعور,False,False,True,
2901,2,القهيب,Al Quhayb,القهيب,False,False,True,
2902,2,المويه القديم,Al Muwayh Al Qadim,المويه القديم,False,False,True,
2903,2,المويه الجديد,Al Muwayh Al Jadid,المويه الجديد,False,False,True,
2904,2,الصفة,As Suffah,الصفه,False,False,True,
2905,2,نمرة,Numarah,نمره,False,False,True,
2906,2,صعبر,Sa'Bar,صعبر,False,False,True,
2908,2,المرشدية,Al Murshidiyah,المرشديه,False,False,True,
2909,2,الملعب,Al Mal'Ab,الملعب,False,False,True,
2910,2,الاخاضر,Al Akhadir,الاخاضر,False,False,True,
2912,2,ثريبان,Thurayban,ثريبان,False,False,True,
3076,2,ابو حصانية,Abu Hasaniyah,ابو حصانيه,False,False,True,
3077,2,ابو حليفاء,Abu Hulayfa,ابو حليفاء,False,False,True,
3078,2,ابو راكة,Abu Rakah,ابو راكه,False,False,True,
3083,2,ابو مراغة,Abu Maraghah,ابو مراغه,False,False,True,
3086,2,احد بني زيد,Ahd Bani Zayd,احد بني زيد,False,False,True,
3131,2,الأنفة,Al Anafah,الانفه,False,False,True,
3132,2,الابواء,Al Abwa,الابواء,False,False,True,
3137,2,الاملح,Al Amlah,الاملح,False,False,True,
3138,2,الانفة,Al Anafah,الانفه,False,False,True,
3139,2,البحول,Al Bahawal,البحول,False,False,True,
3140,2,البرابير,Al Brabir,البرابير,False,False,True,
3141,2,البريكة,Al Buraykah,البريكه,False,False,True,
3142,2,البورة,Al Burah,البوره,False,False,True,
3143,2,البيار,Al Biyar,البيار,False,False,True,
3144,2,التنضبية,At Tandabiyah,التنضبيه,False,False,True,
3145,2,الثلوث,Ath Thuluth,الثلوث,False,False,True,
3146,2,الجائزة,Al Jaizah,الجايزه,False,False,True,
3147,2,الجدعان,Al Jidh'An,الجدعان,False,False,True,
3148,2,الجذية,Al Judhayyah,الجذيه,False,False,True,
3149,2,الجرين,Al Jarin,الجرين,False,False,True,
3150,2,الجضع,Al Jid,الجضع,False,False,True,
3151,2,الجعلان,Al Jilan,الجعلان,False,False,True,
3152,2,الجمدة,Al Jimdah,الجمده,False,False,True,
3153,2,الجيشي,Al Jayshi,الجيشي,False,False,True,
3154,2,الحدبة,Al Hadabah,الحدبه,False,False,True,
3155,2,الحذيفة,Al Hudhayfah,الحذيفه,False,False,True,
3156,2,الحذيفة القالة,Al Hudhayfat Al Qalah,الحذيفه القاله,False,False,True,
3157,2,الحرش,Al Harsh,الحرش,False,False,True,
3158,2,الحطامية,Al Hatamiyah,الحطاميه,False,False,True,
3159,2,الحلقة,Al Halaqah,الحلقه,False,False,True,
3160,2,الحلي,Al Hulay,الحلي,False,False,True,
3161,2,الخصرة,Al Khasirah,الخصره,False,False,True,
3162,2,الخفاشة,Al Khafashah,الخفاشه,False,False,True,
3163,2,الخيف,Al Khayf,الخيف,False,False,True,
3164,2,الدار الحمراء,Al Dar Al Hamra,الدار الحمراء,False,False,True,
3165,2,الدبانية,Ad Dubaniyah,الدبانيه,False,False,True,
3166,2,الدف,Ad Daff,الدف,False,False,True,
3167,2,الدفينة,Ad Difinah,الدفينه,False,False,True,
3169,2,الدوارة,Ad Duwwarah,الدواره,False,False,True,
3170,2,الذيابات,Adh Dhiyabat,الذيابات,False,False,True,
3171,2,الرخيلة,Ar Rikhaylah,الرخيله,False,False,True,
3172,2,الرميدة,Ar Rumaydah,الرميده,False,False,True,
3173,2,الرويغة,Ar Ruwayghag,الرويغه,False,False,True,
3174,2,الريقة,Ar Riqah,الريقه,False,False,True,
3175,2,الساعي,As Sai,الساعي,False,False,True,
3176,2,السايلة,As Sayilah,السايله,False,False,True,
3178,2,السديرة,As Sudayrah,السديره,False,False,True,
3179,2,السعدية,As Sadiyah,السعديه,False,False,True,
3180,2,السلاقا,As Salaqa,السلاقا,False,False,True,
3181,2,السلمة,As Salamah,السلمه,False,False,True,
3182,2,السوارفية,As Sawarqiyah,السوارفيه,False,False,True,
3183,2,السوحة,As Siwahah,السوحه,False,False,True,
3184,2,الشاقة / الصهوة,Al Shaqqah (As Shwah),الشاقه / الصهوه,False,False,True,
3185,2,الشرائع,Ash Sharai,الشرايع,False,False,True,
3186,2,الشرى,Ash Shara,الشري,False,False,True,
3187,2,الشصرة,Ash Shasarah,الشصره,False,False,True,
3188,2,الشعاعيب,Ash Shaaib,الشعاعيب,False,False,True,
3189,2,الشغز,Ash Shaghaz,الشغز,False,False,True,
3190,2,الشميسي,Ash Shumaysi,الشميسي,False,False,True,
3191,2,الصبخة,As Sabkhah,الصبخه,False,False,True,
3192,2,الصرح,As Sarh,الصرح,False,False,True,
3193,2,الصعيب,As Saayb,الصعيب,False,False,True,
3194,2,الصفي,As Sufay,الصفي,False,False,True,
3195,2,الصلب,As Sulb,الصلب,False,False,True,
3196,2,الصواملة,As Suwamilah,الصوامله,False,False,True,
3197,2,الضبية,Ad Dubayyah,الضبيه,False,False,True,
3198,2,الضحياء,Ad Dahya,الضحياء,False,False,True,
3199,2,الضرم,Ad Duram,الضرم,False,False,True,
3200,2,الظليم,Ad Dhalim,الظليم,False,False,True,
3201,2,العثيثي,Al Uthaythi,العثيثي,False,False,True,
3202,2,العرفاء,Al Arfa,العرفاء,False,False,True,
3203,2,العصب,Al Asb,العصب,False,False,True,
3204,2,العصمان,Al Usman,العصمان,False,False,True,
3205,2,العطيف,Al Atif,العطيف,False,False,True,
3207,2,العفيرية,Al Ufayriyah,العفيريه,False,False,True,
3208,2,العلبة,Al 'Ilabah,العلبه,False,False,True,
3209,2,العماير,Al Amayir,العماير,False,False,True,
3211,2,العمشان,Al Umshan,العمشان,False,False,True,
3212,2,العمودية,Al Amudiyah,العموديه,False,False,True,
3213,2,العويلة,Al Uwaylah,العويله,False,False,True,
3215,2,العينة,Al Aynah,العينه,False,False,True,
3216,2,الغافة,Al Ghafah,الغافه,False,False,True,
3217,2,الغالة,Al Ghallah,الغاله,False,False,True,
3218,2,الغبة,Al Ghubbah,الغبه,False,False,True,
3219,2,الغرات,Al Ghurrat,الغرات,False,False,True,
3220,2,الغريف,Al Gharif,الغريف,False,False,True,
3221,2,الغمير,Al Ghimayr,الغمير,False,False,True,
3222,2,الغنم,Al Ghunnam,الغنم,False,False,True,
3223,2,الغولاء,Al Ghawla,الغولاء,False,False,True,
3224,2,الفايجة,Al Fayijah,الفايجه,False,False,True,
3225,2,الفراع,Al Fira,الفراع,False,False,True,
3226,2,الفز,Al Fazz,الفز,False,False,True,
3227,2,القحب,Al Qahb,القحب,False,False,True,
3228,2,القحمان,Al Quhman,القحمان,False,False,True,
3229,2,القرشيات,Al Qurrashiyat,القرشيات,False,False,True,
3231,2,القرينة / هداة الشام,Al Qurainah / Hadat Ash Sham,القرينه / هداه الشام,False,False,True,
3232,2,القصر,Al Qasr,القصر,False,False,True,
3233,2,القضب,Al Qadab,القضب,False,False,True,
3234,2,القضيفة,Al Qudaifah,القضيفه,False,False,True,
3235,2,القضيمة,Al Qadimah,القضيمه,False,False,True,
3236,2,القعضبة,Al Qi'Dubah,القعضبه,False,False,True,
3237,2,القعور,Al Qu'Ur,القعور,False,False,True,
3238,2,الكدسة,Al Kidsah,الكدسه,False,False,True,
3239,2,الكويسية,Al Kuwaysiyah,الكويسيه,False,False,True,
3240,2,المبنى,Al Mabna,المبني,False,False,True,
3241,2,المبيرز,Al Mubayriz,المبيرز,False,False,True,
3242,2,المثان,Mithan,المثان,False,False,True,
3243,2,المجاريش,Al Majarish,المجاريش,False,False,True,
3244,2,المجيرمة,Al Mijayrimah,المجيرمه,False,False,True,
3245,2,المحاميد,Al Mahamid,المحاميد,False,False,True,
3246,2,المحاني,Al Mahani,المحاني,False,False,True,
3247,2,المسماة,Al Masammah,المسماه,False,False,True,
3248,2,المسيليم,Al Musaylim,المسيليم,False,False,True,
3249,2,المضحاة,Al Madhah,المضحاه,False,False,True,
3250,2,المظيلف,Al Mudhaylif,المظيلف,False,False,True,
3252,2,المعقص,Al Muaqas,المعقص,False,False,True,
3254,2,المقايتة,Al Maqaytah,المقايته,False,False,True,
3255,2,النبيعة,An Nubayah,النبيعه,False,False,True,
3256,2,النجمة,An Najmah,النجمه,False,False,True,
3257,2,النويبع,Al Nuwaybi,النويبع,False,False,True,
3258,2,الهدارة,Al Haddarah,الهداره,False,False,True,
3259,2,الوزير,Al Wazir,الوزير,False,False,True,
3260,2,الوسقة,Al Wasqah,الوسقه,False,False,True,
3261,2,الوهط,Al Wahat,الوهط,False,False,True,
3264,2,ام الدوم,Umm Ad Dawm,ام الدوم,False,False,True,
3265,2,ام الراكة,Umm Ar Rakah,ام الراكه,False,False,True,
3266,2,ام الزلة,Umm Al Zillah,ام الزله,False,False,True,
3268,2,ام السلم,Umm As Salam,ام السلم,False,False,True,
3271,2,ام النخلة,Umm An Nakhlah,ام النخله,False,False,True,
3279,2,باشوت,Bashut,باشوت,False,False,True,
3280,2,برحرح,Barahrah,برحرح,False,False,True,
3281,2,ثلوث عمارة,Thuluth Imarah,ثلوث عماره,False,False,True,
3282,2,ثمالة,Thumalah,ثماله,False,False,True,
3283,2,جليل,Jalil,جليل,False,False,True,
3284,2,جمعة ربيعة,Jumat At Rabiah,جمعه ربيعه,False,False,True,
3286,2,حجر,Hajur,حجر,False,False,True,
3288,2,حرة الجبل,Harat Al Jabal,حره الجبل,False,False,True,
3289,2,حرجل,Harjal,حرجل,False,False,True,
3290,2,حرف مبرة,Harf Mibrah,حرف مبره,False,False,True,
3292,2,حشاش,Hishash,حشاش,False,False,True,
3293,2,حضن,Hadan,حضن,False,False,True,
3294,2,حلمة,Hilimah,حلمه,False,False,True,
3295,2,خبت السبت,Khabt As Sabt,خبت السبت,False,False,True,
3296,2,خبت مزقة,Khabt Mizqah,خبت مزقه,False,False,True,
3297,2,خميس حرب,Khamis Harb,خميس حرب,False,False,True,
3299,2,دغيبجة,Dughaybjah,دغيبجه,False,False,True,
3300,2,دف زيني,Daff Zayni,دف زيني,False,False,True,
3301,2,دوقة,Dawqah,دوقه,False,False,True,
3303,2,ربوع العين,Rubu Al Ayn,ربوع العين,False,False,True,
3304,2,رضوان,Radwan,رضوان,False,False,True,
3305,2,ريحة,Rayhah,ريحه,False,False,True,
3306,2,ريشان,Rishan,ريشان,False,False,True,
3307,2,زنقاحة,Zinqahah,زنقاحه,False,False,True,
3308,2,سبت الجارة,Sabt Al Jarah,سبت الجاره,False,False,True,
3309,2,سبت شمران,Sabt Shumran,سبت شمران,False,False,True,
3310,2,سلم الزواهرة,Salam Az Zuwahirah,سلم الزواهره,False,False,True,
3311,2,سوق الجمعة,Suq Al Jum'Ah,سوق الجمعه,False,False,True,
3312,2,سوق بني يزيد,Suq Bani Yazid,سوق بني يزيد,False,False,True,
3313,2,شداد,Shadad,شداد,False,False,True,
3314,2,شعر,Shiir,شعر,False,False,True,
3315,2,شقصان,Shaqasan,شقصان,False,False,True,
3316,2,شلوة,Shuluwah,شلوه,False,False,True,
3317,2,شويحط,Shuwayhit,شويحط,False,False,True,
3318,2,شيباي,Shaybay,شيباي,False,False,True,
3319,2,صبح,Sabah,صبح,False,False,True,
3320,2,صيادة,Sayyadah,صياده,False,False,True,
3322,2,ظلم,Dhalam,ظلم,False,False,True,
3323,2,عباسة,Abbasah,عباسه,False,False,True,
3324,2,عجلان,Ajlan,عجلان,False,False,True,
3325,2,عشيرة الجديدة,Ushayrah Al Jadidah,عشيره الجديده,False,False,True,
3326,2,عشيرة مكتن,'Ishayra Maktan,عشيره مكتن,False,False,True,
3327,2,عنيكر,Unaykir,عنيكر,False,False,True,
3328,2,عيون حارة,Uyun Harrah,عيون حاره,False,False,True,
3329,2,غثاة,Ghithah,غثاه,False,False,True,
3330,2,غرابة,Ghirabah,غرابه,False,False,True,
3331,2,غزال,Ghazal,غزال,False,False,True,
3332,2,غزايل,Ghazayil,غزايل,False,False,True,
3333,2,غصين,Ghusayyin,غصين,False,False,True,
3334,2,غميقة,Ghumayqah,غميقه,False,False,True,
3335,2,قرن بن ساهر,Qarn Bin Sahir,قرن بن ساهر,False,False,True,
3336,2,قفيلان,Qufaylan,قفيلان,False,False,True,
3337,2,قويزة,Quwayzah,قويزه,False,False,True,
3338,2,قيا,Qiya,قيا,False,False,True,
3339,2,كدوة الأعوج,Kidwat Al Awaj,كدوه الاعوج,False,False,True,
3341,2,كلية,Kilayyah,كليه,False,False,True,
3342,2,لملم,Lamlam,لملم,False,False,True,
3343,2,مدركة,Madrakah,مدركه,False,False,True,
3344,2,مران,Marran,مران,False,False,True,
3345,2,مشجي,Mushaji,مشجي,False,False,True,
3346,2,مشرق,Mashriq,مشرق,False,False,True,
3347,2,مظللة,Mudallilah,مظلله,False,False,True,
3348,2,ملح,Malah,ملح,False,False,True,
3349,2,مهايع,Al Mahaya,مهايع,False,False,True,
3351,2,ناخسة,Nakhusah,ناخسه,False,False,True,
3353,2,هشيمة,Hishaymah,هشيمه,False,False,True,
3358,2,حقال,Haqal,حقال,False,False,True,
3361,2,اللغيسيم,Al Lughaysim,اللغيسيم,False,False,True,
3362,2,صبياء,Sabya',صبياء,False,False,True,
3365,2,المناضح,المناضح,المناضح,False,False,True,
3367,2,الحبقة,Al Habqah,الحبقه,False,False,True,
3370,2,عوية,'Uwayyah,عويه,False,False,True,
3374,2,لغب,Laghab,لغب,False,False,True,
3375,2,الصدية,As Sadiyah,الصديه,False,False,True,
3376,2,السادة,As Sadah,الساده,False,False,True,
3377,2,الميثاء,Al Maytha,الميثاء,False,False,True,
3378,2,البجيدي,Al Bijaydi,البجيدي,False,False,True,
3381,2,الحليفة,Al Hulayfah,الحليفه,False,False,True,
3382,2,الزبيري,Az Zubayri,الزبيري,False,False,True,
3385,2,مسعدة,Masa'Dah,مسعده,False,False,True,
3386,2,ذهبان,Dhahban,ذهبان,False,False,True,
3387,2,القري,Al Quray,القري,False,False,True,
3389,2,القريع,Al Qari',القريع,False,False,True,
3391,2,القويعية,Al Quway'Iyah,القويعيه,False,False,True,
3399,2,قها,Qaha,قها,False,False,True,
3400,2,ذنباء,Dhanaba,ذنباء,False,False,True,
3401,2,النيلة,An Nilah,النيله,False,False,True,
3407,2,القوز,Al Qawz,القوز,False,False,True,
3408,2,الحوطة,Al Hawtah,الحوطه,False,False,True,
3409,2,الخليف,Al Khalif,الخليف,False,False,True,
3411,2,الرحبة,Ar Rahbah,الرحبه,False,False,True,
3415,2,القاع,Al Qa',القاع,False,False,True,
3416,2,القاع,Al Qa',القاع,False,False,True,
3417,2,القاع,Al Qa',القاع,False,False,True,
3420,2,الشبان,Ash Shubban,الشبان,False,False,True,
3421,2,القعرة,Al Qu'Rah,القعره,False,False,True,
3422,2,معشوقة,Ma'Shuqah,معشوقه,False,False,True,
3424,2,الشرى,Ash Shara,الشري,False,False,True,
3425,2,السدين,As Saddain,السدين,False,False,True,
23,3,المدينة المنورة,Al Madinah Al Munawwarah,المدينه المنوره,True,True,True,
196,3,ينبع,Yanbu,ينبع,True,False,True,
197,3,العلا,Al Ula,العلا,True,False,True,
198,3,بدر,Badr,بدر,True,False,True,
200,3,الحناكية,Al Hinakiyah,الحناكيه,True,False,True,
325,3,العيص,Al 'Is,العيص,True,False,True,
326,3,خيبر,Khaybar,خيبر,True,False,True,
379,3,مهد الذهب,Mahd Adh Dhahab,مهد الذهب,True,False,True,
2047,3,الفرع,Al Fara',الفرع,True,False,True,
199,3,المهد,Al Mahd,المهد,False,False,True,
393,3,ينبع النخل,Yanbu An Nakhil,ينبع النخل,False,False,True,
397,3,الفقير,Al Faqir,الفقير,False,False,True,
408,3,الفقعلي,Al Fuq'Ali,الفقعلي,False,False,True,
409,3,البريدي,Al Baridi,البريدي,False,False,True,
411,3,الجابرية,Al Jabiriyah,الجابريه,False,False,True,
412,3,المربع,Al Murabba',المربع,False,False,True,
800,3,دبدبة فضلاء,Dibdibbat Fudala,دبدبه فضلاء,False,False,True,
801,3,الحجب,Al Hajab,الحجب,False,False,True,
802,3,الضلفة,Adh Dhalfah,الضلفه,False,False,True,
804,3,العين الجديدة,Al 'Ayn Al Jadidah,العين الجديده,False,False,True,
806,3,أم زرب,Umm Zarb,ام زرب,False,False,True,
807,3,هدية,Hadiyah,هديه,False,False,True,
808,3,القعرة,Al Qa'Rah,القعره,False,False,True,
809,3,الجهراء,Al Jahara,الجهراء,False,False,True,
810,3,رحيب,Ruhayb,رحيب,False,False,True,
811,3,شلال,Shalal,شلال,False,False,True,
812,3,ضاعا,Da'A,ضاعا,False,False,True,
813,3,جيدة,Jaydah,جيده,False,False,True,
814,3,قلبان عشرة,Qulban 'Isharah,قلبان عشره,False,False,True,
815,3,النجيل,An Najil,النجيل,False,False,True,
816,3,الرزيقية,Ar Ruzayqiyah,الرزيقيه,False,False,True,
817,3,الحميدية,Al Hamidiyah,الحميديه,False,False,True,
1185,3,صدر,Sadr,صدر,False,False,True,
1186,3,مغيراء,Mughayra',مغيراء,False,False,True,
1187,3,قصيب ابو سيال,Qusayb Abu Siyal,قصيب ابو سيال,False,False,True,
1188,3,ابو اراكة,Abu Arakah,ابو اراكه,False,False,True,
1189,3,مدائن الصالح,Madain As Salih,مداين الصالح,False,False,True,
1190,3,عورش,Awarsh,عورش,False,False,True,
1191,3,النشيفة,An Nushayfah,النشيفه,False,False,True,
1192,3,الزباير,Az Zubayir,الزباير,False,False,True,
1193,3,الضليعة,Ad Dulay'Ah,الضليعه,False,False,True,
1194,3,متان العريقة,Mitan Al 'Urayqah,متان العريقه,False,False,True,
1195,3,الابرق,Al Abraq,الابرق,False,False,True,
1196,3,اميرة,Amirah,اميره,False,False,True,
1197,3,الجديدة,Al Jadidah,الجديده,False,False,True,
1198,3,كتيفة مصادر,Kutayfat Masadir,كتيفه مصادر,False,False,True,
1244,3,العين,Al 'Ayn,العين,False,False,True,
1245,3,المضاويح,Al Mudhawih,المضاويح,False,False,True,
1246,3,ابا البقر,Aba Al Baqar,ابا البقر,False,False,True,
1247,3,الحرضة,Al Hardhah,الحرضه,False,False,True,
1248,3,الضرس,Adh Dhars,الضرس,False,False,True,
1249,3,الخريبة,Al Khoraibah,الخريبه,False,False,True,
1250,3,العرائد,Al 'Araid,العرايد,False,False,True,
1251,3,غمرة,Ghamrah,غمره,False,False,True,
1252,3,العقيلة,Al 'Uqilah,العقيله,False,False,True,
1253,3,العدلة,Al 'Adlah,العدله,False,False,True,
1254,3,الديسة,Ad Disah,الديسه,False,False,True,
1256,3,الهذلولي,Al Hadhluli,الهذلولي,False,False,True,
1257,3,جدعاء,Jad'A,جدعاء,False,False,True,
1258,3,اللحن,Al Lihin,اللحن,False,False,True,
1259,3,العشاش,Al 'Ishash,العشاش,False,False,True,
1260,3,الصلصلة,As Silsilah,الصلصله,False,False,True,
1261,3,الثمد,Al Thamad,الثمد,False,False,True,
1262,3,العينية,Al Uyaynah,العينيه,False,False,True,
1315,3,الحمنة,Al Hamnah,الحمنه,False,False,True,
1316,3,أم الغيران,Umm Al Ghiran,ام الغيران,False,False,True,
1318,3,السليمية,As Silaymiyah,السليميه,False,False,True,
1319,3,البراقية,Al Barraqiyah,البراقيه,False,False,True,
1320,3,السراقي,As Siraqi,السراقي,False,False,True,
1321,3,آبار دحمولة,Abar Dahmulah,ابار دحموله,False,False,True,
1322,3,بدائع الهراسين,Badai' Al Harasin,بدايع الهراسين,False,False,True,
1323,3,صفينة,Sufaynah,صفينه,False,False,True,
1324,3,الرقابية,Ar Riqabiyah,الرقابيه,False,False,True,
1325,3,الصلحانية,As Sulhaniyah,الصلحانيه,False,False,True,
1326,3,الغاشية,Al Ghashiyah,الغاشيه,False,False,True,
1327,3,الاصيحر,Al Asayhir,الاصيحر,False,False,True,
1328,3,السويرقية,As Suwayriqiyah,السويرقيه,False,False,True,
1329,3,ثرب,Tharb,ثرب,False,False,True,
1330,3,حاذة,Hadhah,حاذه,False,False,True,
1331,3,العمق,Al 'Umaq,العمق,False,False,True,
1332,3,الصعبية,As Sa'Biyah,الصعبيه,False,False,True,
1577,3,أم صمدين,Umm Sumdayn,ام صمدين,False,False,True,
1578,3,المشران,Al Mishran,المشران,False,False,True,
1662,3,النجف,An Najf,النجف,False,False,True,
1663,3,السطيح,As Sutayh,السطيح,False,False,True,
1664,3,الخيمة,Al Khaymah,الخيمه,False,False,True,
1665,3,الفرش,Al Farsh,الفرش,False,False,True,
1666,3,تفيدة,Tafidah,تفيده,False,False,True,
1667,3,العصيلي,Al 'Usayli,العصيلي,False,False,True,
1668,3,ندياء,Nadya,ندياء,False,False,True,
1669,3,مشرفة,Mishrifah,مشرفه,False,False,True,
1670,3,دوينه,Duwayyinah,دوينه,False,False,True,
1671,3,عدن,'Adan,عدن,False,False,True,
1672,3,الأحمر,Al Ahmar,الاحمر,False,False,True,
1674,3,الكلبة,Al Kalbah,الكلبه,False,False,True,
1675,3,البقاع,Al Biqa',البقاع,False,False,True,
1864,3,قريضة,Quraydah,قريضه,False,False,True,
1866,3,بيار علي,Biyar 'Ali,بيار علي,False,False,True,
1868,3,الدويخلة,Ad Duwaykhilah,الدويخله,False,False,True,
1869,3,الوعيرة,Al Wu'Ayrah,الوعيره,False,False,True,
1870,3,الجرف,Al Jurf,الجرف,False,False,True,
1871,3,العيون,Al 'Ayun,العيون,False,False,True,
1872,3,الخليل,Al Khulayl,الخليل,False,False,True,
1873,3,نعامين,Na'Amin,نعامين,False,False,True,
1874,3,مليحة,Mulayhah,مليحه,False,False,True,
1933,3,المحفر,Al Mahaffar,المحفر,False,False,True,
1934,3,النخيل,An Nakhyil,النخيل,False,False,True,
1935,3,الصمد,As Samd,الصمد,False,False,True,
1936,3,الضميرية,Ad Dumayriyah,الضميريه,False,False,True,
1937,3,المحامة,Al Mahamah,المحامه,False,False,True,
1938,3,الحسو,Al Hisu,الحسو,False,False,True,
1939,3,الهميج,Al Humayj,الهميج,False,False,True,
1940,3,صخيبرة,Sukhaybirah,صخيبره,False,False,True,
1941,3,هدبان,Hadban,هدبان,False,False,True,
1942,3,بلغة,Bilghah,بلغه,False,False,True,
1943,3,الماوية,Al Mawiyah,الماويه,False,False,True,
1944,3,قصيرة,Qusayrah,قصيره,False,False,True,
1945,3,العوشزي,Al Awshazi,العوشزي,False,False,True,
1946,3,عرجاء,'Arja,عرجاء,False,False,True,
1947,3,طلال,Talal,طلال,False,False,True,
2043,3,العاقول,Al 'Aqul,العاقول,False,False,True,
2044,3,الحار السفلى,Al Har As Sufla,الحار السفلي,False,False,True,
2045,3,مفرحات,Mufarrihat,مفرحات,False,False,True,
2046,3,القطيعاء,Al Qutay'A,القطيعاء,False,False,True,
2048,3,الفقارة,Al Fuqarah,الفقاره,False,False,True,
2049,3,أرباق,Arbaq,ارباق,False,False,True,
2051,3,المغرة,Al Magharah,المغره,False,False,True,
2052,3,أبو نمصات,Abu Numasat,ابو نمصات,False,False,True,
2053,3,دثير,Dithir,دثير,False,False,True,
2055,3,العوينة,Al 'Uwaynah,العوينه,False,False,True,
2056,3,الخضراء,Al Khadra,الخضراء,False,False,True,
2057,3,الثعلة,Ath Tha'Alah,الثعله,False,False,True,
2058,3,الحار العليا,Al Har Al 'Ulya,الحار العليا,False,False,True,
2059,3,المضيبعة,Al Mudaybi'Ah,المضيبعه,False,False,True,
2060,3,السوسي,As Susi,السوسي,False,False,True,
2061,3,الشلايل,Ash Shalayil,الشلايل,False,False,True,
2062,3,أويدك,Uwaydik,اويدك,False,False,True,
2063,3,الغريض,Al Gharid,الغريض,False,False,True,
2064,3,الصيفي,As Sayfi,الصيفي,False,False,True,
2065,3,الغصن,Al Ghusan,الغصن,False,False,True,
2066,3,الظمو,Adh Dhamu,الظمو,False,False,True,
2067,3,الطرقية,Al Tarqiyah,الطرقيه,False,False,True,
2068,3,أم العيال,Umm Al 'Iyal,ام العيال,False,False,True,
2069,3,الملبنة,Al Malbanah,الملبنه,False,False,True,
2070,3,حنذ,Hanadh,حنذ,False,False,True,
2071,3,الهندية,Al Hindiyah,الهنديه,False,False,True,
2072,3,المرير,Al Murayr,المرير,False,False,True,
2073,3,الدحو,Ad Duhu,الدحو,False,False,True,
2074,3,النقيعاء,An Nuqay'A,النقيعاء,False,False,True,
2075,3,المشينية,Al Mushayniyah,المشينيه,False,False,True,
2076,3,القافلة,Al Qafilah,القافله,False,False,True,
2077,3,اللثامة,Al Lithamah,اللثامه,False,False,True,
2078,3,الملحة,Al Milhah,الملحه,False,False,True,
2079,3,العيزاء,Al 'Ayza,العيزاء,False,False,True,
2080,3,النقرة,An Nuqrah,النقره,False,False,True,
2081,3,البردية,Al Bardiyah,البرديه,False,False,True,
2082,3,العشيرة,Al 'Ushayrah,العشيره,False,False,True,
2083,3,القصيبة,Al Qisayyibah,القصيبه,False,False,True,
2084,3,الشوامين,Ash Shuwamin,الشوامين,False,False,True,
2086,3,تيتد,Taytad,تيتد,False,False,True,
2087,3,البييرات,Al Buyayrat,البييرات,False,False,True,
2088,3,هرمة,Hurumah,هرمه,False,False,True,
2089,3,العثيا,Al 'Uthayya,العثيا,False,False,True,
2090,3,شجوى,Shajwa,شجوي,False,False,True,
2091,3,البوير,Al Buwair,البوير,False,False,True,
2092,3,الشقرة,Ash Shuqrah,الشقره,False,False,True,
2093,3,الصويدرة,As Suwaydirah,الصويدره,False,False,True,
2094,3,الفريش,Al Furaysh,الفريش,False,False,True,
2095,3,الريان,Ar Rayyan,الريان,False,False,True,
2096,3,المليليح,Al Mulaylih,المليليح,False,False,True,
2097,3,الرصيعة,Ar Rasi'Ah,الرصيعه,False,False,True,
2098,3,ابار الماشي,Abar Al Mashi,ابار الماشي,False,False,True,
2099,3,رواوة,Ruwawah,رواوه,False,False,True,
2100,3,الجفر,Al Jafur,الجفر,False,False,True,
2101,3,ابو ضباع,Abu Diba',ابو ضباع,False,False,True,
2102,3,المضيق,Al Madiq,المضيق,False,False,True,
2103,3,الاكحل,Al Akhal,الاكحل,False,False,True,
2104,3,اليتمة,Al Yitimah,اليتمه,False,False,True,
2105,3,المندسة,Al Mandassah,المندسه,False,False,True,
2106,3,بواط,Buwat,بواط,False,False,True,
2107,3,العصيلب,Al 'Usaylib,العصيلب,False,False,True,
2108,3,الجفدور,Al Jifdur,الجفدور,False,False,True,
2223,3,الأسطح,Al Astah,الاسطح,False,False,True,
2224,3,الرجع,Ar Raj',الرجع,False,False,True,
2225,3,دمان,Duman,دمان,False,False,True,
2227,3,الغزلان,Al Ghuzlan,الغزلان,False,False,True,
2228,3,الجديد,Al Jadid,الجديد,False,False,True,
2229,3,وجمة,Wajmah,وجمه,False,False,True,
2230,3,عرقوص,Arqus,عرقوص,False,False,True,
2231,3,العنيق,Al 'Unayq,العنيق,False,False,True,
2232,3,مرتجة,Murattijah,مرتجه,False,False,True,
2233,3,الفقرة,Al Faqrah,الفقره,False,False,True,
2234,3,خلص,Khals,خلص,False,False,True,
2235,3,القفاف,Al Qifaf,القفاف,False,False,True,
2237,3,مريخة,Muraykhah,مريخه,False,False,True,
2238,3,العبلا,Al 'Abla,العبلا,False,False,True,
2239,3,مرموماء,Marmuma,مرموماء,False,False,True,
2240,3,قرظة,Qurudhah,قرظه,False,False,True,
2243,3,الهدى,Al Hada,الهدي,False,False,True,
2244,3,الغور,Al Ghur,الغور,False,False,True,
2245,3,مثعر,Math'Ar,مثعر,False,False,True,
2246,3,الحسينية,Al Husayniyah,الحسينيه,False,False,True,
2247,3,الشفية,Ash Shufayyah,الشفيه,False,False,True,
2249,3,أبو قرن,Abu Qarn,ابو قرن,False,False,True,
2250,3,المسجد,Al Masjid,المسجد,False,False,True,
2251,3,اللهبان,Al Lahban,اللهبان,False,False,True,
2252,3,الجوابرة,Al Jawabirat,الجوابره,False,False,True,
2253,3,خرص,Khuruss,خرص,False,False,True,
2254,3,عاصر,Asir,عاصر,False,False,True,
2255,3,الأثود,Al Athud,الاثود,False,False,True,
2256,3,ترجم,Tarjim,ترجم,False,False,True,
2257,3,كتيدة,Kitaydah,كتيده,False,False,True,
2258,3,سفاء,Safa,سفاء,False,False,True,
2259,3,رحقان,Rahqan,رحقان,False,False,True,
2260,3,ثعيل,Thu'Ayyil,ثعيل,False,False,True,
2261,3,المفرق,Al Mafraq,المفرق,False,False,True,
2262,3,الميث,Al Mayth,الميث,False,False,True,
2263,3,بئر الغنم,Bir Al Ghanam,بير الغنم,False,False,True,
2264,3,المرتجة,Al Murtajjah,المرتجه,False,False,True,
2265,3,المعيزلة,Al Ma'Ayzilah,المعيزله,False,False,True,
2266,3,الحار,Al Har,الحار,False,False,True,
2267,3,الصديرة,As Sudayyirah,الصديره,False,False,True,
2268,3,دريبس,Diraybis,دريبس,False,False,True,
2269,3,بئر قيضي,Bi'R Qaydi,بير قيضي,False,False,True,
2270,3,الواسطة,Al Wasithah,الواسطه,False,False,True,
2271,3,الرايس,Ar Rayis,الرايس,False,False,True,
2272,3,المسيجيد,Al Musayjid,المسيجيد,False,False,True,
2296,3,الجريسية,Al Juraysiyah,الجريسيه,False,False,True,
2297,3,الغمر,Al Ghamr,الغمر,False,False,True,
2298,3,المزرع,Al Mazri',المزرع,False,False,True,
2299,3,هبا,Haba,هبا,False,False,True,
2300,3,الصحن,As Sahan,الصحن,False,False,True,
2301,3,مشوقة,Mashuqah,مشوقه,False,False,True,
2302,3,أم العراد,Umm Al 'Arad,ام العراد,False,False,True,
2303,3,الهرارة,Al Harrarah,الهراره,False,False,True,
2304,3,السدرة,As Sidrah,السدره,False,False,True,
2305,3,الجصة,Al Jissa,الجصه,False,False,True,
2306,3,الحويمضة,Al Huwaymidah,الحويمضه,False,False,True,
2307,3,قران,Qaran,قران,False,False,True,
2308,3,الخفيق,Al Khufayq,الخفيق,False,False,True,
2309,3,الهميجة,Al Humayjah,الهميجه,False,False,True,
2310,3,الصالحية,As Salhiyah,الصالحيه,False,False,True,
2311,3,مريغان,Murayghan,مريغان,False,False,True,
2312,3,العشاي,Al 'Ashshay,العشاي,False,False,True,
2363,3,البثنة,Al Bathnah,البثنه,False,False,True,
2364,3,خيف حسين,Khayf Husayn,خيف حسين,False,False,True,
2365,3,البقارية,Al Baqqariyah,البقاريه,False,False,True,
2366,3,المشريف,Al Mushayrif,المشريف,False,False,True,
2367,3,أم المسن,Umm Al Misin,ام المسن,False,False,True,
2368,3,البديع,Al Budayyi',البديع,False,False,True,
2369,3,الدارة,Ad Darah,الداره,False,False,True,
2370,3,القري,Al Quray,القري,False,False,True,
2371,3,السليم,As Sulaym,السليم,False,False,True,
2373,3,المقنع,Al Muqanna',المقنع,False,False,True,
2374,3,ضفيان,Dufyan,ضفيان,False,False,True,
2375,3,عضاد,'Adad,عضاد,False,False,True,
2376,3,العدوة,Al 'Idwah,العدوه,False,False,True,
2377,3,النباة,An Nabah,النباه,False,False,True,
2378,3,القراصة,Al Qarrasah,القراصه,False,False,True,
2379,3,جراجر,Jarajir,جراجر,False,False,True,
2380,3,نبط,Nabt,نبط,False,False,True,
2381,3,السليلة,As Sulayyilah,السليله,False,False,True,
2414,3,المرية,Al Marriyah,المريه,False,False,True,
2415,3,الشقران,Ash Shuqran,الشقران,False,False,True,
2417,3,ذارة,Dharah,ذاره,False,False,True,
2418,3,قصيباء,Qusayba,قصيباء,False,False,True,
2419,3,رحبة علوش,Rahbat 'Allush,رحبه علوش,False,False,True,
2420,3,الكريزية,Al Kurayziyah,الكريزيه,False,False,True,
2421,3,البديعة,Al Bidayyi'Ah,البديعه,False,False,True,
2422,3,صبحا,Sabha,صبحا,False,False,True,
2423,3,حزرة,Hazrah,حزره,False,False,True,
2424,3,غراب,Ghurab,غراب,False,False,True,
2425,3,الحجرية,Al Hijriyah,الحجريه,False,False,True,
2426,3,أبو مغير,Abu Mughayr,ابو مغير,False,False,True,
2427,3,العد,Al 'Idd,العد,False,False,True,
2428,3,الربثة,Ar Rabtah,الربثه,False,False,True,
2429,3,البركة,Al Birkah,البركه,False,False,True,
2430,3,النفازي,An Nafazi,النفازي,False,False,True,
3080,3,ابو طاقة,Abu Taqah,ابو طاقه,False,False,True,
3082,3,ابو كبير,Abu Kabir,ابو كبير,False,False,True,
3134,3,الاحمر,Al Ahmar,الاحمر,False,False,True,
3262,3,ام البرك,Umm Al Birak,ام البرك,False,False,True,
3269,3,ام العيال,Umm Al Iyal,ام العيال,False,False,True,
3276,3,ام فحي,Umm Fahi,ام فحي,False,False,True,
3390,3,القويعية,Al Quwayi'Yah,القويعيه,False,False,True,
3418,3,المثلث,Al Muthallath,المثلث,False,False,True,
24,4,بريدة,Buraydah,بريده,True,True,True,
57,4,عنيزة,Unayzah,عنيزه,True,False,True,
58,4,الرس,Ar Rass,الرس,True,False,True,
59,4,المذنب,Al Midhnab,المذنب,True,False,True,
60,4,البكيرية,Al Bukayriyah,البكيريه,True,False,True,
61,4,البدائع,Al Badai',البدايع,True,False,True,
62,4,رياض الخبراء,Riyad Al Khabra,رياض الخبراء,True,False,True,
64,4,الاسياح,Alasyiah,الاسياح,True,False,True,
66,4,النبهانية,An Nabhaniyah,النبهانيه,True,False,True,
67,4,الشماسية,Ash Shimasiyah,الشماسيه,True,False,True,
76,4,ضرية,Dariyah,ضريه,True,False,True,
82,4,مركز عقلة الصقور,Aqlat Alsouqoor,عقله الصقور,True,False,True,
223,4,عيون الجواء,Uyun Al Jawa',عيون الجواء,True,False,True,
3040,4,عقلة الصقور,Uqlat As Suqur,عقله الصقور,False,False,False,82.0
63,4,بريد الخبراء,Barid Al Khabra,بريد الخبراء,False,False,True,
68,4,دخنة,Dukhnah,دخنه,False,False,True,
69,4,الذيبية,Adh Dhibiyah,الذيبيه,False,False,True,
70,4,مركز الدليمية,Aldulyimiya,الدليميه,False,False,True,
71,4,مركز القرين,Alqreen,القرين,False,False,True,
72,4,مركز صبيح,Sebeh,صبيح,False,False,True,
73,4,مركزالهمجة,Alhamja,مركزالهمجه,False,False,True,
74,4,مركزابانات,Abanat,مركزابانات,False,False,True,
75,4,مركزعطي,Ati,مركزعطي,False,False,True,
77,4,مركزالغماس,Ghamas,مركزالغماس,False,False,True,
78,4,مركزالبصر,Albasr,مركزالبصر,False,False,True,
79,4,مركز الشيحية,Alshehiya,الشيحيه,False,False,True,
80,4,مركز الربيعية,Alrabieiya,الربيعيه,False,False,True,
81,4,مركز الفوارة,Alfawara,الفواره,False,False,True,
83,4,قبة,Quba,قبه,False,False,True,
84,4,مركزأبا الورود,Aba Al Woroud,مركزابا الورود,False,False,True,
85,4,مركز العمار,Alamar,العمار,False,False,True,
86,4,مركز القوارة,Alqawara,القواره,False,False,True,
87,4,مركز قصيباء,Qusaiba,قصيباء,False,False,True,
89,4,مركز الصمعورية,Alsamaouriya,الصمعوريه,False,False,True,
335,4,مركز البتراء,مركز البتراء,البتراء,False,False,True,
406,4,غضي,Ghudayy,غضي,False,False,True,
2907,4,أبانات,Abanat,ابانات,False,False,True,
2911,4,صبيح,Subayh,صبيح,False,False,True,
2914,4,المطيوي,Al Mutaywi,المطيوي,False,False,True,
2919,4,أشقر النومانيات,Ashqar An Numaniyat,اشقر النومانيات,False,False,True,
2920,4,أم الخراسع,Umm Al Kharasi,ام الخراسع,False,False,True,
2921,4,أم حزم,Umm Hazm,ام حزم,False,False,True,
2922,4,أم خطوط,Umm Khutut,ام خطوط,False,False,True,
2923,4,ابا الدود,Aba Ad Dud,ابا الدود,False,False,True,
2924,4,ابو عرداء,Abu Arda,ابو عرداء,False,False,True,
2925,4,الإفيهد,Al Ifayhid,الافيهد,False,False,True,
2926,4,الاساس,Al Asas,الاساس,False,False,True,
2928,4,البتراء,Al Batra,البتراء,False,False,True,
2929,4,البرجسية,Al Barjasiyah,البرجسيه,False,False,True,
2930,4,البكرة,Al Bakrah,البكره,False,False,True,
2931,4,البندرية,Al Bandariyah,البندريه,False,False,True,
2932,4,التنومة,At Tannumah,التنومه,False,False,True,
2933,4,الثابتية,Al Thabitiyah,الثابتيه,False,False,True,
2934,4,الثامرية,Ath Thamiriyah,الثامريه,False,False,True,
2935,4,الجرارية,Al Jarrariyah,الجراريه,False,False,True,
2936,4,الجرير,Al Jurayyir,الجرير,False,False,True,
2937,4,الجعلة,Al Jaalah,الجعله,False,False,True,
2938,4,الجفن,Al Jifn,الجفن,False,False,True,
2939,4,الحجازية,Al Hajjaziyah,الحجازيه,False,False,True,
2940,4,الحديدية,Al Hadidiyah,الحديديه,False,False,True,
2941,4,الحيسونية,Al Haysuniyah,الحيسونيه,False,False,True,
2942,4,الخرماء الجنوبية,Al Kharma Al Janubiyah,الخرماء الجنوبيه,False,False,True,
2943,4,الخشيبي,Al Khishaybi,الخشيبي,False,False,True,
2944,4,الداث,Ad Dath,الداث,False,False,True,
2945,4,الدحلة,Ad Dahalah,الدحله,False,False,True,
2947,4,الدعثة,Ad Daathah,الدعثه,False,False,True,
2948,4,الدليمية,Ad Dilaymiyah,الدليميه,False,False,True,
2949,4,الرحيمية,Ar Ruhaymiyah,الرحيميه,False,False,True,
2950,4,الركنة,Ar Ruknah,الركنه,False,False,True,
2951,4,الزبيرة,Az Zubayrah,الزبيره,False,False,True,
2952,4,الزهيرية,Az Zihayriyah,الزهيريه,False,False,True,
2953,4,السيح,As Sayh,السيح,False,False,True,
2954,4,الشباكية,Ash Shabbakiyah,الشباكيه,False,False,True,
2955,4,الشبيكية,Ash Shubaykiyah,الشبيكيه,False,False,True,
2956,4,الشعيفانية,Ash Shifaniyah,الشعيفانيه,False,False,True,
2957,4,الشنانة,Ash Shananah,الشنانه,False,False,True,
2959,4,الصريف,As Sarif,الصريف,False,False,True,
2960,4,الصغيرية,As Sughayriyah,الصغيريه,False,False,True,
2961,4,الصليبي,As Sulaybi,الصليبي,False,False,True,
2962,4,الصمعورية,As Sumuriyah,الصمعوريه,False,False,True,
2963,4,الضلعة,Ad Dalah,الضلعه,False,False,True,
2964,4,الضلفعة,Ad Dalfaah,الضلفعه,False,False,True,
2965,4,الطراق,At Tiraq,الطراق,False,False,True,
2966,4,الطرفية,At Turfiyah,الطرفيه,False,False,True,
2967,4,الظاهرية,Adh Dhahiriyah,الظاهريه,False,False,True,
2968,4,الظاهرية الشمالية,Adh Dhahiriyah Ash Shamaliyah,الظاهريه الشماليه,False,False,True,
2969,4,الظبة,Adh Dhabah,الظبه,False,False,True,
2970,4,العابر,Al Abir,العابر,False,False,True,
2972,4,العاقر,Al Aqir,العاقر,False,False,True,
2973,4,العمودة,Al 'Amudah,العموده,False,False,True,
2974,4,العمودة الشمالية,Al 'Amudah Ash Shamaliyah,العموده الشماليه,False,False,True,
2975,4,الغضياء,Al Ghadya,الغضياء,False,False,True,
2976,4,الغيدانية,Al Ghaydaniyah,الغيدانيه,False,False,True,
2977,4,القعير,Al Quayyir,القعير,False,False,True,
2979,4,القهيبية,Al Qihabiyah,القهيبيه,False,False,True,
2980,4,القوارة,Al Quwarah,القواره,False,False,True,
2981,4,القوعي,Al Qawi,القوعي,False,False,True,
2983,4,الكفية,Al Kuffiyah,الكفيه,False,False,True,
2984,4,المحلاني,Al Mahalani,المحلاني,False,False,True,
2985,4,المصك,Al Masak,المصك,False,False,True,
2986,4,المعدا,Al Maada,المعدا,False,False,True,
2988,4,الملقاء,Al Malqa,الملقاء,False,False,True,
2989,4,النبقية,An Nubqiyah,النبقيه,False,False,True,
2990,4,النعايم,An Naayim,النعايم,False,False,True,
2992,4,النمرية,An Nimriyah,النمريه,False,False,True,
2993,4,النومانية,An Numaniyah,النومانيه,False,False,True,
2994,4,النويبات,An Nuwaybat,النويبات,False,False,True,
2995,4,الهبيرية,Al Hubayriyah,الهبيريه,False,False,True,
2996,4,الوسيطة,Al Wasitah,الوسيطه,False,False,True,
2997,4,الوطاة,Al Wutah,الوطاه,False,False,True,
2998,4,ام الخراسع,Umm Al Kharasi,ام الخراسع,False,False,True,
3000,4,ام قدة,Umm Qiddah,ام قده,False,False,True,
3001,4,بئر زهيميلة,Bir Zuhaymilah,بير زهيميله,False,False,True,
3002,4,بدائع الضبطان,Badai Ad Dubtan,بدايع الضبطان,False,False,True,
3003,4,بدائع ريمان,Badai Riman,بدايع ريمان,False,False,True,
3005,4,بدائع هويشلة,Badai' Huwayshilah,بدايع هويشله,False,False,True,
3006,4,بقيعاء الجنوبية,Buqay'A Al Janubiyah,بقيعاء الجنوبيه,False,False,True,
3007,4,ثادج,Thadij,ثادج,False,False,True,
3008,4,حليوة,Hulaywah,حليوه,False,False,True,
3009,4,حنيظل,Hunaydhil,حنيظل,False,False,True,
3010,4,خريمان,Khurayman,خريمان,False,False,True,
3011,4,خصيبة,Khusayyibah,خصيبه,False,False,True,
3012,4,دريميحة,Diraymihah,دريميحه,False,False,True,
3013,4,دهيماء,Duhayma,دهيماء,False,False,True,
3014,4,ديم,Daym,ديم,False,False,True,
3015,4,ذوقان الركايا,Dhawqan Ar Rakaya,ذوقان الركايا,False,False,True,
3016,4,ربيق,Rubayq,ربيق,False,False,True,
3017,4,رغابية,Raghabiyah,رغابيه,False,False,True,
3018,4,رفائع اللهيب,Rufai' Al Luhayb,رفايع اللهيب,False,False,True,
3019,4,روض الجواء,Rawd Al Jiwa,روض الجواء,False,False,True,
3020,4,روضة الحسو,Rawdat Al Hisu,روضه الحسو,False,False,True,
3021,4,روضة قرادان,Rawdat Qiradan,روضه قرادان,False,False,True,
3022,4,رياض الرماح,Riyad Ar Rimah,رياض الرماح,False,False,True,
3023,4,زهلولة,Zihlulah,زهلوله,False,False,True,
3024,4,ساق,Saq,ساق,False,False,True,
3025,4,سلام,Salam,سلام,False,False,True,
3026,4,سمراء عيسى,Samra Isa,سمراء عيسي,False,False,True,
3027,4,شري,Shari,شري,False,False,True,
3028,4,صعينين,Suaynin,صعينين,False,False,True,
3029,4,ضليع رشيد,Dulay Rashid,ضليع رشيد,False,False,True,
3031,4,ضيدة,Didah,ضيده,False,False,True,
3032,4,طفيلة,Tufaylah,طفيله,False,False,True,
3033,4,طلحة,Talhah,طلحه,False,False,True,
3034,4,عبل عبلا,Abal Abla,عبل عبلا,False,False,True,
3035,4,عريفجان ساحوق,'Urayfjan Sahuq,عريفجان ساحوق,False,False,True,
3036,4,عطا,Ata,عطا,False,False,True,
3038,4,عطي,Utayy,عطي,False,False,True,
3041,4,عماير سعيدة,Amayir Saidah,عماير سعيده,False,False,True,
3043,4,عيدة,Idah,عيده,False,False,True,
3044,4,فياضة,Fayyadah,فياضه,False,False,True,
3045,4,فيضة سلام,Faydat Salam,فيضه سلام,False,False,True,
3046,4,فيضة يكلب,Faydat Yaklib,فيضه يكلب,False,False,True,
3047,4,قصر العبدالله,Qasr Al Abdallah,قصر العبدالله,False,False,True,
3048,4,قطن,Qitan,قطن,False,False,True,
3049,4,قليب الرجيمية,Qalib Ar Rujaymiyah,قليب الرجيميه,False,False,True,
3050,4,قليب خنيفسة,Qalib Khunayfisah,قليب خنيفسه,False,False,True,
3051,4,كحلة,Kahlah,كحله,False,False,True,
3053,4,مباري,Mibari,مباري,False,False,True,
3054,4,محير الترمس,Mihir At Turmus,محير الترمس,False,False,True,
3055,4,مدرج,Mudarraj,مدرج,False,False,True,
3056,4,مزارع الحفيرات,Mazari Al Hufayrat,مزارع الحفيرات,False,False,True,
3057,4,مزارع الحقباء,Mazari Al Haqba,مزارع الحقباء,False,False,True,
3058,4,مزارع الشيحية,Mazari Ash Shihiyah,مزارع الشيحيه,False,False,True,
3059,4,مزارع القرائن,Mazari Al Qarain,مزارع القراين,False,False,True,
3060,4,مزارع الوسيطاء,Mazari' Al Wusayta,مزارع الوسيطاء,False,False,True,
3061,4,مزارع خريمان,Mazari Khurayman,مزارع خريمان,False,False,True,
3063,4,مزرعة الزرقاء,Mazraat Az Zarqa,مزرعه الزرقاء,False,False,True,
3064,4,مسكة,Miskah,مسكه,False,False,True,
3065,4,مظيفيرة,Mudhayfirah,مظيفيره,False,False,True,
3066,4,مهدومة,Mahdumah,مهدومه,False,False,True,
3067,4,نبيها,Nubayha,نبيها,False,False,True,
3068,4,نجخ الشمالي,Najikh Al Shamali,نجخ الشمالي,False,False,True,
3069,4,نفجة,Nafjah,نفجه,False,False,True,
3070,4,هرمول,Hurmul,هرمول,False,False,True,
3363,4,ليم,ليم,ليم,False,False,True,
3364,4,صميعر,صميعر,صميعر,False,False,True,
3373,4,الجرذاوية,Al Jardhawiyah,الجرذاويه,False,False,True,
3379,4,الأسامر,Al Asamir,الاسامر,False,False,True,
3380,4,مزارع ثويدج,Mazari' Thuwaydij,مزارع ثويدج,False,False,True,
3384,4,مزرعة عبلا,Mazra'At At 'Abla,مزرعه عبلا,False,False,True,
3388,4,السميراء,As Sumayra,السميراء,False,False,True,
3392,4,القويعية,Al Quway'Iyah,القويعيه,False,False,True,
3393,4,القيصومة,Al Qaysumah,القيصومه,False,False,True,
3403,4,الجابرية,Al Jabriyah,الجابريه,False,False,True,
3414,4,القاع,Al Qa',القاع,False,False,True,
3801,4,المليداء,Al Mulayda',المليداء,False,False,True,
16,5,الدمام,Ad Dammam,الدمام,True,True,True,
18,5,الخبر,Al Khubar,الخبر,True,False,True,
20,5,الجبيل,Al Jubail,الجبيل,True,False,True,
21,5,القطيف,Al Qatif,القطيف,True,False,True,
193,5,الاحساء,Al Hasa,الاحساء,True,False,True,
194,5,النعيرية,An Nu'Ayriyah,النعيريه,True,False,True,
195,5,حفر الباطن,Hafar Al Batin,حفر الباطن,True,False,True,
206,5,راس تنورة,Ras Tannurah,راس تنوره,True,False,True,
207,5,بقيق,Buqayq,بقيق,True,False,True,
208,5,الخفجي,Al Khafji,الخفجي,True,False,True,
210,5,قرية العليا,Qaryat Al 'Ulya,قريه العليا,True,False,True,
405,5,العديد,Al 'Adid,العديد,True,False,True,
3302,5,رأس تنورة,Ras Tannurah,راس تنوره,False,False,False,206.0
3,5,تاروت,Tarut,تاروت,False,False,True,
4,5,سيهات,Sayhat,سيهات,False,False,True,
5,5,الظهران,Dhahran,الظهران,False,False,True,
209,5,الرقعي,Al Ruqa'A,الرقعي,False,False,True,
211,5,صفوى,Safwa,صفوي,False,False,True,
218,5,الجبيل الصناعية,Jubail Industry,الجبيل الصناعيه,False,False,True,
221,5,ام الساهك,Umm As Sahik,ام الساهك,False,False,True,
320,5,سلوى,Salwa,سلوي,False,False,True,
321,5,حرض,Harad,حرض,False,False,True,
322,5,السعيره,السعيره,السعيره,False,False,True,
324,5,القيصومة,Al Qaysumah,القيصومه,False,False,True,
331,5,قاعدة الملك عبدالعزيز الجوية - الخبر,قاعدة الملك عبدالعزيز الجوية - الخبر,قاعده الملك عبدالعزيز الجويه - الخبر,False,False,True,
341,5,الهفوف والمبرز,Al Hafoof Wal Mubarraz,الهفوف والمبرز,False,False,True,
342,5,عنك,'Inak,عنك,False,False,True,
354,5,العمال الشمالية,العمال الشمالية,العمال الشماليه,False,False,True,
355,5,صلاصل,Salasil,صلاصل,False,False,True,
356,5,الرفيعه,الرفيعه,الرفيعه,False,False,True,
357,5,الفريدة,Al Farridah,الفريده,False,False,True,
358,5,ام عقلا,ام عقلا,ام عقلا,False,False,True,
359,5,الشيحية,Ash Shihiyah,الشيحيه,False,False,True,
362,5,مركز نظاع,مركز نظاع,نظاع,False,False,True,
363,5,حنيذ,Hanidh,حنيذ,False,False,True,
364,5,مركز غنوه,مركز غنوه,غنوه,False,False,True,
365,5,الصحاف,As Sahaf,الصحاف,False,False,True,
366,5,مركز الزغيين,مركز الزغيين,الزغيين,False,False,True,
394,5,الهفوف,Alhufufalmubarraz,الهفوف,False,False,True,
395,5,المبرز,Alhufufalmubarraz,المبرز,False,False,True,
548,5,الكلابية,Al Kilabiyah,الكلابيه,False,False,True,
549,5,المنيزلة,Al Munaizlah,المنيزله,False,False,True,
550,5,القارة,Al Qarah,القاره,False,False,True,
551,5,المنصورة,Al Mansurah,المنصوره,False,False,True,
552,5,المزاوي,Al Mazawi,المزاوي,False,False,True,
553,5,الحوطة,Al Hawtah,الحوطه,False,False,True,
554,5,المركز,Al Markaz,المركز,False,False,True,
555,5,الفضول,Al Fudul,الفضول,False,False,True,
556,5,الرميلة,Ar Rumaylah,الرميله,False,False,True,
557,5,الجشة,Al Jishshah,الجشه,False,False,True,
558,5,الشعبة,Ash Shi'Bah,الشعبه,False,False,True,
559,5,الجليجلة,Al Julijlah,الجليجله,False,False,True,
560,5,المطيرفي,Al Mutairifi,المطيرفي,False,False,True,
561,5,العضيلية,Al 'Udhailiyyah,العضيليه,False,False,True,
562,5,بني معن,Bani Mu'N,بني معن,False,False,True,
563,5,الحفيرة,Al Hafirah,الحفيره,False,False,True,
564,5,الخن,Al Khinn,الخن,False,False,True,
565,5,ام اثلة,Umm Athlah,ام اثله,False,False,True,
566,5,خريص,Khurays,خريص,False,False,True,
567,5,عريعرة,Uray'Irah,عريعره,False,False,True,
568,5,متالع / ام تالع,Matali' / Umm Tali',متالع / ام تالع,False,False,True,
569,5,التويثير,At Tuwaythir,التويثير,False,False,True,
570,5,الدالوة,Ad Dalwah,الدالوه,False,False,True,
571,5,الشهادين,Ash Shahadin,الشهادين,False,False,True,
572,5,الحليلة,Al Halilah,الحليله,False,False,True,
573,5,الطرف,At Taraf,الطرف,False,False,True,
574,5,الجفر,Al Jafr,الجفر,False,False,True,
575,5,الحني,Al Hunayy,الحني,False,False,True,
576,5,القصيبي,Al Qusaybi,القصيبي,False,False,True,
577,5,الحبل,Al Habl,الحبل,False,False,True,
578,5,الحرملية,Al Harmaliyah,الحرمليه,False,False,True,
579,5,نباك,Nibak,نباك,False,False,True,
674,5,ابو قعر,Abu Qa'Ar,ابو قعر,False,False,True,
675,5,مركز العوجاء,Markaz Al 'Awja,العوجاء,False,False,True,
676,5,مركز العليمة,Markaz Al 'Ulayyimah,العليمه,False,False,True,
677,5,القلت,Al Qalt,القلت,False,False,True,
678,5,النظيم,An Nadhim,النظيم,False,False,True,
679,5,ابن طوالة,Ibn Tuwalah,ابن طواله,False,False,True,
680,5,الصداوي,As Sidawi,الصداوي,False,False,True,
681,5,ام قليب,Umm Qulaib,ام قليب,False,False,True,
682,5,عريفج,Urayfij,عريفج,False,False,True,
683,5,ابن شرار,Ibn Sharar,ابن شرار,False,False,True,
684,5,الرقعي الجديدة,Ar Ruq'I Al Jadidah,الرقعي الجديده,False,False,True,
685,5,ذبحة,Dhabhah,ذبحه,False,False,True,
686,5,الصفيري,As Sufairy,الصفيري,False,False,True,
687,5,الوايلية,Al Wayliyah,الوايليه,False,False,True,
688,5,الفيوان,Al Fiwan,الفيوان,False,False,True,
689,5,الحماطيات,Al Hamatiyat,الحماطيات,False,False,True,
690,5,هدباء,Hadba',هدباء,False,False,True,
691,5,الجبو,Al Jabu,الجبو,False,False,True,
692,5,المسناة,Al Masnah,المسناه,False,False,True,
693,5,سامودة,Samudah,ساموده,False,False,True,
694,5,ام عشر الشرقية,Umm Ishar Ash Sharqiyyah,ام عشر الشرقيه,False,False,True,
707,5,الرافعية,Ar Raf'Iyah,الرافعيه,False,False,True,
708,5,الكبريت,Al Kabarit,الكبريت,False,False,True,
709,5,رغوة,Raghwah,رغوه,False,False,True,
710,5,حمى,Hamma,حمي,False,False,True,
711,5,الزبر,Az Zabr,الزبر,False,False,True,
712,5,السفانية,As Saffaniyah,السفانيه,False,False,True,
713,5,المحوى,Al Mahawa,المحوي,False,False,True,
714,5,أم غور,Umm Ghawr,ام غور,False,False,True,
715,5,الرفيعة,Ar Rafi'Ah,الرفيعه,False,False,True,
716,5,جرارة,Jarrarah,جراره,False,False,True,
717,5,قرية,Qurayyah,قريه,False,False,True,
718,5,البويبيات,Al Buwaybiyat,البويبيات,False,False,True,
719,5,السعيرة,As Su'Ayyirah,السعيره,False,False,True,
720,5,مناخ,Manakh,مناخ,False,False,True,
721,5,الحيرا,Al Hayra,الحيرا,False,False,True,
722,5,ام الشفلح,Umm Ash Shifallah,ام الشفلح,False,False,True,
723,5,اللهابة,Al Lahabah,اللهابه,False,False,True,
725,5,الشامية,Ash Shamiyah,الشاميه,False,False,True,
726,5,العيطلية,Al 'Aytaliyah,العيطليه,False,False,True,
727,5,سحمة,Sihmah,سحمه,False,False,True,
728,5,الشملول / ام عقلا,Ash Shamlul (Umm Aqla),الشملول / ام عقلا,False,False,True,
729,5,ام الهوشات,Umm Al Hawshat,ام الهوشات,False,False,True,
730,5,الشيط,Ash Shayyit,الشيط,False,False,True,
731,5,العاذرية,Al 'Adhiriyah,العاذريه,False,False,True,
733,5,حزوة / العمانية,Hizwah (Al Umaniyah),حزوه / العمانيه,False,False,True,
734,5,القرعاء,Al Qar'A',القرعاء,False,False,True,
735,5,اللصافة,Al Lisafah,اللصافه,False,False,True,
736,5,النقيرة,An Nuqayrah,النقيره,False,False,True,
737,5,هجرة أولاد حثلين,Hijrat Awlad Hithlin,هجره اولاد حثلين,False,False,True,
738,5,الحليسية,Al Hulaysiyah,الحليسيه,False,False,True,
739,5,فرزان,Farzan,فرزان,False,False,True,
740,5,ام ضليع,Umm Dulay',ام ضليع,False,False,True,
741,5,مليجة,Mulayjah,مليجه,False,False,True,
742,5,الصرار,As Sarrar,الصرار,False,False,True,
744,5,مغطي,Mughati,مغطي,False,False,True,
745,5,شفية,Shifiyah,شفيه,False,False,True,
746,5,عتيق,Utayyiq,عتيق,False,False,True,
747,5,الحسي,Al Husayy,الحسي,False,False,True,
748,5,ثاج,Thaj,ثاج,False,False,True,
749,5,الحناة,Al Hinnah,الحناه,False,False,True,
750,5,الكهفة,Al Kahafah,الكهفه,False,False,True,
752,5,العيينة,Al 'Uyaynah,العيينه,False,False,True,
753,5,القليب,Al Qulayyib,القليب,False,False,True,
754,5,الونان,Al Wannan,الونان,False,False,True,
755,5,غنوى,Ghanwa,غنوي,False,False,True,
756,5,الزغين,Az Zughayn,الزغين,False,False,True,
757,5,نطاع,Nita',نطاع,False,False,True,
758,5,ام الحمام,Umm Al Hamam,ام الحمام,False,False,True,
759,5,ام ربيعة,Umm Rubay'Ah,ام ربيعه,False,False,True,
760,5,ابو حدرية,Abu Hadriyah,ابو حدريه,False,False,True,
761,5,منيفة,Munifah,منيفه,False,False,True,
1216,5,برق الأسيدية,Burq Al Usaydiyah,برق الاسيديه,False,False,True,
1217,5,الفاضلي,Al Fadili,الفاضلي,False,False,True,
1219,5,ظلوم,Dhulum,ظلوم,False,False,True,
1220,5,عين دار,Ayn Dar,عين دار,False,False,True,
1221,5,عين دار القديمة,Old Ain Dar,عين دار القديمه,False,False,True,
1222,5,علاة,Allat,علاه,False,False,True,
1223,5,فودة,Fudah,فوده,False,False,True,
1224,5,الكدادية,Al Kidadiyah,الكداديه,False,False,True,
1225,5,يكرب,Yakrub,يكرب,False,False,True,
1227,5,شهيلاء,Shuhayla',شهيلاء,False,False,True,
1228,5,عصيفرات,Usayfirat,عصيفرات,False,False,True,
1229,5,الدغيمية,Ad Dughaymiyah,الدغيميه,False,False,True,
1269,5,الراكة,Ar Rakah,الراكه,False,False,True,
1270,5,الثقبة,Ath Thuqbah,الثقبه,False,False,True,
1271,5,العزيزية,Al 'Aziziyah,العزيزيه,False,False,True,
1579,5,راس ام قصبة,Ras Umm Qusbah,راس ام قصبه,False,False,True,
1594,5,سنابس,Sanabis,سنابس,False,False,True,
1633,5,هجرة شهيل,Hijrat Shuhayl,هجره شهيل,False,False,True,
2313,5,التهيمية,At Tuhaymiyah,التهيميه,False,False,True,
2314,5,المقدام,Al Miqdam,المقدام,False,False,True,
2315,5,السبايرة,As Sabayirah,السبايره,False,False,True,
2316,5,السباط,As Sabat,السباط,False,False,True,
2317,5,الجرن,Al Jarn,الجرن,False,False,True,
2318,5,برقاء  الركبان,Barqa Al Rukban,برقاء الركبان,False,False,True,
2319,5,البطالية,Al Bataliyah,البطاليه,False,False,True,
2320,5,بطحاء,Batha,بطحاء,False,False,True,
2321,5,عردة,'Ardah,عرده,False,False,True,
2322,5,ذعبلوتن,Dha'Blutin,ذعبلوتن,False,False,True,
2323,5,الجديدة,Al Jadidah,الجديده,False,False,True,
2324,5,نعلة شدقم,Na'Lat Shadqam,نعله شدقم,False,False,True,
2325,5,الخويس,Al Khuways,الخويس,False,False,True,
2326,5,شدقم,Shadqam,شدقم,False,False,True,
2327,5,ابرقية,Abraqiyah,ابرقيه,False,False,True,
2328,5,الفوارة,Al Fawwarah,الفواره,False,False,True,
2329,5,ابن سرحان,Ibn Sirhan,ابن سرحان,False,False,True,
2330,5,المرضف,Al Muraddaf,المرضف,False,False,True,
2331,5,الحوية,Al Hawiyah,الحويه,False,False,True,
2333,5,العثمانية,Al Uthmaniyah,العثمانيه,False,False,True,
2335,5,العيون,Al Uyun,العيون,False,False,True,
2336,5,الربيعية,Ar Rabi'Iyah,الربيعيه,False,False,True,
2337,5,القديح,Al Qudayh,القديح,False,False,True,
2338,5,الخويلدية,Al Khuwildiyah,الخويلديه,False,False,True,
2339,5,الدريدي,Ad Duraidy,الدريدي,False,False,True,
2340,5,الخترشية,Al Khatrashiyah,الخترشيه,False,False,True,
2341,5,ابو معن,Abu Ma'An,ابو معن,False,False,True,
2342,5,حزم ام الساهك,Hazam Umm As Sahik,حزم ام الساهك,False,False,True,
2343,5,الجش,Al Jish,الجش,False,False,True,
2344,5,حلة محيش,Hilat Muhish,حله محيش,False,False,True,
2345,5,التوبي,At Tubi,التوبي,False,False,True,
2346,5,الملاحة,Al Milahah,الملاحه,False,False,True,
2347,5,دارين,Darin,دارين,False,False,True,
2348,5,العوامية,Al 'Awwamiyah,العواميه,False,False,True,
2349,5,النابية,An Nabiyah,النابيه,False,False,True,
2350,5,الزور,Az Zawr,الزور,False,False,True,
2351,5,الفريع,Al Furay',الفريع,False,False,True,
2449,5,الشهارين,Ash Shaharin,الشهارين,False,False,True,
2451,5,هجرة أم العراد,Hijrat Umm Al 'Irad,هجره ام العراد,False,False,True,
2452,5,العبيلة,Al 'Ubaylah,العبيله,False,False,True,
2453,5,شبيطة,Shubaytah,شبيطه,False,False,True,
2454,5,شوالة,Shawwalah,شواله,False,False,True,
2455,5,مركز الشيبة,Markaz Ash Shaybah,الشيبه,False,False,True,
2456,5,مركز الخيران,Markaz Al Khiran,الخيران,False,False,True,
2457,5,هجرة الطويلة,Hijrat At Tawilah,هجره الطويله,False,False,True,
2458,5,عجائب,Ajaib,عجايب,False,False,True,
2459,5,الطربيل,At Tarbil,الطربيل,False,False,True,
2544,5,رحيمة,Rahimah,رحيمه,False,False,True,
2560,5,المراح,Al Marah,المراح,False,False,True,
2561,5,جودة,Judah,جوده,False,False,True,
2563,5,العقير,Al Uqayr,العقير,False,False,True,
2564,5,يبرين,Yabrin / Jabrin,يبرين,False,False,True,
2566,5,الشقيق,Ash Shaqiq,الشقيق,False,False,True,
2567,5,القرين,Al Qarin,القرين,False,False,True,
2568,5,الوزية,Al Wizyah,الوزيه,False,False,True,
2569,5,القرن,Al Qarn,القرن,False,False,True,
2570,5,الخرس,Al Khars,الخرس,False,False,True,
2571,5,الغويبة,Al Ghuwaybah,الغويبه,False,False,True,
2572,5,مريطبة,Muraytibah,مريطبه,False,False,True,
2573,5,سوده,Sudah,سوده,False,False,True,
2574,5,العمران,Al Umran,العمران,False,False,True,
2898,5,الخرائق,Al Kharaiq,الخرايق,False,False,True,
3352,5,هجرة ام العراد,Hijrat Umm Al Irad,هجره ام العراد,False,False,True,
3402,5,الجابرية,Al Jabiriyah,الجابريه,False,False,True,
3406,5,جواثا,Jawatha,جواثا,False,False,True,
3410,5,رأس الخير,Ras Al Khair,راس الخير,False,False,True,
25,6,ابها,Abha,ابها,True,True,True,
37,6,خميس مشيط,Khamis Mushayt,خميس مشيط,True,False,True,
38,6,بيشة,Bishah,بيشه,True,False,True,
39,6,النماص,An Namas,النماص,True,False,True,
40,6,محايل,Muhayil,محايل,True,False,True,
41,6,ظهران الجنوب,Dhahran Al Janub,ظهران الجنوب,True,False,True,
42,6,سراة عبيدة,Sarat Abidah,سراه عبيده,True,False,True,
43,6,احد رفيده,Ahad Rifaydah,احد رفيده,True,False,True,
44,6,بلقرن,Balqarn,بلقرن,True,False,True,
45,6,رجال المع,Rijal Alma,رجال المع,True,False,True,
46,6,المجاردة,Al Majardah,المجارده,True,False,True,
47,6,تثليث,Tathlith,تثليث,True,False,True,
48,6,تنومة,Tanouma,تنومه,True,False,True,
49,6,بللسمر,Billasmar,بللسمر,True,False,True,
50,6,بللحمر,Billahmar,بللحمر,True,False,True,
270,6,وادي بن هشبل,وادي بن هشبل,وادي بن هشبل,True,False,True,
286,6,طريب,طريب,طريب,True,False,True,
291,6,البرك,Al Birk,البرك,True,False,True,
266,6,يعرى,Yaara,يعري,False,False,True,
267,6,خيبر الجنوب,Khaybar Al Janub,خيبر الجنوب,False,False,True,
268,6,المضه,المضه,المضه,False,False,True,
269,6,تندحه,تندحه,تندحه,False,False,True,
271,6,الــثــنيــــه,الــثــنيــــه,الثنيه,False,False,True,
272,6,تباله,تباله,تباله,False,False,True,
273,6,عطف الجبره,عطف الجبره,عطف الجبره,False,False,True,
274,6,صـــمــخ,Samakh,صمخ,False,False,True,
275,6,الــنقيـــــع,An Naqi',النقيع,False,False,True,
276,6,قــــنــــــــا,قــــنــــــــا,قنا,False,False,True,
278,6,خــميس مــطيـر,Khamis Mutair,خميس مطير,False,False,True,
279,6,علب,Alb,علب,False,False,True,
280,6,الفيض,Al Fayd,الفيض,False,False,True,
281,6,الربوعه,الربوعه,الربوعه,False,False,True,
282,6,الحرجه,Al Harajah,الحرجه,False,False,True,
283,6,الفرشـه,الفرشـه,الفرشه,False,False,True,
284,6,الجــــوه,الجــــوه,الجوه,False,False,True,
285,6,العرين,Al 'Arin,العرين,False,False,True,
287,6,آل سلمه,آل سلمه,ال سلمه,False,False,True,
288,6,البشائر,Al Bashair,البشاير,False,False,True,
289,6,الحريضه,الحريضه,الحريضه,False,False,True,
290,6,القحمه,القحمه,القحمه,False,False,True,
292,6,بريد عبس,بريد عبس,بريد عبس,False,False,True,
298,6,بريد جاش,بريد جاش,بريد جاش,False,False,True,
299,6,الصبيخه,الصبيخه,الصبيخه,False,False,True,
300,6,الأمواه,الأمواه,الامواه,False,False,True,
303,6,ســـــدوان,Sadwan,سدوان,False,False,True,
383,6,بارق,Bariq,بارق,False,False,True,
402,6,ال بي ثور,Al Bi Thawr,ال بي ثور,False,False,True,
441,6,الشعبة,Ash Shu'Bah,الشعبه,False,False,True,
442,6,القذال,Al Qadhal,القذال,False,False,True,
443,6,شواحط,Shawahit,شواحط,False,False,True,
444,6,عدمن,'Adaman,عدمن,False,False,True,
445,6,المنيظر,Al Munaydhir,المنيظر,False,False,True,
446,6,محبة,Mahabbah,محبه,False,False,True,
447,6,الفصعيلة,Al Fas'Ilah,الفصعيله,False,False,True,
448,6,المسلمة,Al Maslamah,المسلمه,False,False,True,
449,6,الخوش,Al Khawsh,الخوش,False,False,True,
450,6,الكنبي,Al Kanabi,الكنبي,False,False,True,
451,6,القيوار,Al Qiwar,القيوار,False,False,True,
452,6,القنعات,Al Qana'At,القنعات,False,False,True,
453,6,الميفاء,Al Mifa,الميفاء,False,False,True,
454,6,صعابان,Sa'Aban,صعابان,False,False,True,
455,6,مكهاف,Makhaf,مكهاف,False,False,True,
456,6,المنظر,Al Mandhar,المنظر,False,False,True,
457,6,أم فرع,Umm Fura',ام فرع,False,False,True,
458,6,القريحة,Al Qurayhah,القريحه,False,False,True,
459,6,الفرعة,Al Far'Ah,الفرعه,False,False,True,
460,6,أم شعبين,Umm Sh'Bayn,ام شعبين,False,False,True,
461,6,مشرف,Mishrif,مشرف,False,False,True,
462,6,قزة,Quzzah,قزه,False,False,True,
463,6,سيالة,Sayalah,سياله,False,False,True,
464,6,الأحسر,Al Ahsar,الاحسر,False,False,True,
465,6,الفاضية,Al Fadiyah,الفاضيه,False,False,True,
466,6,نعص,Na'S,نعص,False,False,True,
467,6,الضحي,Ad Dahi,الضحي,False,False,True,
468,6,الحيد عبس,Al Hayd 'Abs,الحيد عبس,False,False,True,
469,6,الطرقة,At Taraqah,الطرقه,False,False,True,
470,6,الحمة,Al Himah,الحمه,False,False,True,
471,6,العقيقة,Al Aqiqah,العقيقه,False,False,True,
472,6,الهرير الشرقي - الجازي,Al Hurayr Ash Sharqi (Al Jazi),الهرير الشرقي - الجازي,False,False,True,
475,6,المزارقة,Al Mazarqah,المزارقه,False,False,True,
476,6,آل غيثان,Al Ghaythan,ال غيثان,False,False,True,
477,6,آل الشريفي,Al Ash Shirayfi,ال الشريفي,False,False,True,
479,6,آل سويد,Al Suwayd,ال سويد,False,False,True,
480,6,الصمدة,As Simidah,الصمده,False,False,True,
482,6,آل مريح,Al Mirayyih,ال مريح,False,False,True,
483,6,صفوان,Safwan,صفوان,False,False,True,
484,6,الرونة,Ar Runah,الرونه,False,False,True,
485,6,آل الذيب,Al Adh Dhib,ال الذيب,False,False,True,
486,6,روضان,Rawdan,روضان,False,False,True,
618,6,الشرفات,Ash Shurafat,الشرفات,False,False,True,
619,6,الرعي,Ar Ra'Y,الرعي,False,False,True,
620,6,الطرق,At Tirq,الطرق,False,False,True,
621,6,الجرمة,Al Jirmah,الجرمه,False,False,True,
622,6,الحشافة,Al Hashafah,الحشافه,False,False,True,
623,6,حمضة,Hamadah,حمضه,False,False,True,
624,6,المطعن,Al Mat'An,المطعن,False,False,True,
625,6,المنجحة,Al Manjahah,المنجحه,False,False,True,
627,6,غالب,Ghalib,غالب,False,False,True,
628,6,سعيدة,Sa'Idah,سعيده,False,False,True,
629,6,الأجرع الشمالي,Al Ajra' Ash Shamali,الاجرع الشمالي,False,False,True,
630,6,ذهبان,Dhahban,ذهبان,False,False,True,
631,6,دبساء,Dabsa,دبساء,False,False,True,
632,6,القحمة,Al Qahmah,القحمه,False,False,True,
818,6,قدرين,Qudrayn,قدرين,False,False,True,
821,6,مملح,Mamlah,مملح,False,False,True,
822,6,آل جودة,Al Jawdah,ال جوده,False,False,True,
823,6,بني زهير,Bani Zuhayr,بني زهير,False,False,True,
826,6,تلاء,Tala,تلاء,False,False,True,
827,6,القيسة,Al Qaysah,القيسه,False,False,True,
828,6,آل فارس,Al Faris,ال فارس,False,False,True,
829,6,الذفراء,Adh Dhafra,الذفراء,False,False,True,
830,6,بطحة,Bathah,بطحه,False,False,True,
831,6,بني قيس,Bani Qays,بني قيس,False,False,True,
832,6,القضوى,Al Qadwa,القضوي,False,False,True,
833,6,الحميطة,Al Humayyitah,الحميطه,False,False,True,
834,6,الرشداء,Ar Rashda,الرشداء,False,False,True,
835,6,لبوة,Labwah,لبوه,False,False,True,
836,6,آل حضينان,Al Hidaynan,ال حضينان,False,False,True,
837,6,المجرا,Al Mujra,المجرا,False,False,True,
838,6,الخرب,Al Kharb,الخرب,False,False,True,
839,6,آل صقر,Al Saqr,ال صقر,False,False,True,
840,6,جليلة,Jilayyiah,جليله,False,False,True,
841,6,طعمة,Ti'Mah,طعمه,False,False,True,
842,6,المعاملة,Al Mu'Amalah,المعامله,False,False,True,
843,6,الحيمة,Al Haymah,الحيمه,False,False,True,
844,6,البطنة,Al Batnah,البطنه,False,False,True,
845,6,الحيفة,Al Hifah,الحيفه,False,False,True,
846,6,الطريف الأعلى,At Turayf Al A'La,الطريف الاعلي,False,False,True,
848,6,عرقة,'Irqah,عرقه,False,False,True,
849,6,ثفرة,Thafrah,ثفره,False,False,True,
850,6,فرعة قواء,Far'At Quwa,فرعه قواء,False,False,True,
851,6,البرقاء,Al Barqa,البرقاء,False,False,True,
852,6,لسس,Lasas,لسس,False,False,True,
853,6,القوز,Al Qawz,القوز,False,False,True,
854,6,الصفا الملبد,As Safa Al Mulabad,الصفا الملبد,False,False,True,
855,6,الثعيلبة,Ath Thu'Aylibah,الثعيلبه,False,False,True,
857,6,بادية,Badiyah,باديه,False,False,True,
859,6,البغث,Al Baghath,البغث,False,False,True,
860,6,المريفق,Al Murayfiq,المريفق,False,False,True,
862,6,القضة,Al Qaddah,القضه,False,False,True,
863,6,الحامض,Al Hamid,الحامض,False,False,True,
864,6,الطلاح,At Tilah,الطلاح,False,False,True,
865,6,واسط,Wasit,واسط,False,False,True,
866,6,خشم شاع,Khashm Sha',خشم شاع,False,False,True,
867,6,الخضاير,Al Khadayir,الخضاير,False,False,True,
868,6,مشحذ,Mashhidh,مشحذ,False,False,True,
869,6,بريم السليل,Buraym As Silil,بريم السليل,False,False,True,
870,6,البردان,Al Burdan,البردان,False,False,True,
871,6,رغوة,Righwah,رغوه,False,False,True,
872,6,آل سعيد,Al Sa'Id,ال سعيد,False,False,True,
874,6,آل الهايلة,Al Al Hayilah,ال الهايله,False,False,True,
875,6,آل جرمان,Al Jarman,ال جرمان,False,False,True,
877,6,الحواويش,Al Hawawish,الحواويش,False,False,True,
878,6,المري,Al Marri,المري,False,False,True,
879,6,آل شويل,Al Shuwayl,ال شويل,False,False,True,
880,6,كدمان,Kidman,كدمان,False,False,True,
881,6,الصفية,As Sufayyah,الصفيه,False,False,True,
882,6,إبن نجم,Ibn Nijam,ابن نجم,False,False,True,
884,6,وادي ابن هشبل,Wadi Ibn Hashbal,وادي ابن هشبل,False,False,True,
885,6,السلع,As Sila,السلع,False,False,True,
886,6,المضة,Al Maddah,المضه,False,False,True,
887,6,الروضة,Ar Rawdah,الروضه,False,False,True,
888,6,الحثدة,Al Hithadah,الحثده,False,False,True,
889,6,الباعق,Al Ba'Iq,الباعق,False,False,True,
890,6,العرض,Al 'Ard,العرض,False,False,True,
891,6,أم ضحي,Umm Dahi,ام ضحي,False,False,True,
892,6,آل ثوبان,Al Thawban,ال ثوبان,False,False,True,
893,6,الحيلة,Al Haylah,الحيله,False,False,True,
894,6,مراتخ,Muratikh,مراتخ,False,False,True,
895,6,أم ظهور الرفود,Umm Dhuhur Ar Rafud,ام ظهور الرفود,False,False,True,
896,6,مجزوعة,Majzu'Ah,مجزوعه,False,False,True,
897,6,القرونة,Al Qurunah,القرونه,False,False,True,
898,6,الريع,Ar Ri',الريع,False,False,True,
899,6,قنيفد,Qinayfid,قنيفد,False,False,True,
900,6,الفاهمة,Al Fahmah,الفاهمه,False,False,True,
902,6,النصب,An Nusub,النصب,False,False,True,
903,6,المسلم,Al Muslim,المسلم,False,False,True,
904,6,الريش,Ar Raysh,الريش,False,False,True,
905,6,الحاجب,Al Hajib,الحاجب,False,False,True,
906,6,آل علين,Al 'Illin,ال علين,False,False,True,
907,6,الحضن,Al Hudn,الحضن,False,False,True,
909,6,المكثر,Al Mukaththir,المكثر,False,False,True,
911,6,المغمر,Al Maghmar,المغمر,False,False,True,
912,6,العيدة,Al 'Idah,العيده,False,False,True,
913,6,الحجف,Al Hajf,الحجف,False,False,True,
914,6,المقاعد,Al Maqa'Id,المقاعد,False,False,True,
915,6,شعب دريب,Shi'B Durayb,شعب دريب,False,False,True,
916,6,الكديد,Al Kadid,الكديد,False,False,True,
917,6,السحر,As Sahar,السحر,False,False,True,
918,6,إبن عبيدي,Ibn 'Abidi,ابن عبيدي,False,False,True,
919,6,الجبهة,Al Jabhah,الجبهه,False,False,True,
920,6,الحرة,Al Harrah,الحره,False,False,True,
921,6,معصم,Ma'Sam,معصم,False,False,True,
922,6,الحدبات,Al Hadabat,الحدبات,False,False,True,
923,6,المعشور,Al Ma'Shur,المعشور,False,False,True,
925,6,بين الجبلين,Bayn Al Jablayn,بين الجبلين,False,False,True,
926,6,الحشف,Al Hashaf,الحشف,False,False,True,
927,6,ريمان,Rayman,ريمان,False,False,True,
928,6,الخليف,Al Khalif,الخليف,False,False,True,
930,6,العفارة,Al 'Afarah,العفاره,False,False,True,
931,6,البجيلي,Al Bajili,البجيلي,False,False,True,
932,6,العقل,Al 'Aql,العقل,False,False,True,
933,6,سيال,Sayyal,سيال,False,False,True,
934,6,آل معلوي,Al Ma'Lawi,ال معلوي,False,False,True,
935,6,الخطيم,Al Khutaym,الخطيم,False,False,True,
936,6,الفي,Al Fayy,الفي,False,False,True,
937,6,الجردان,Al Jardan,الجردان,False,False,True,
938,6,خارف,Kharif,خارف,False,False,True,
940,6,سارة,Sarah,ساره,False,False,True,
941,6,سقامة,Siqamah,سقامه,False,False,True,
942,6,الخبارة,Al Khabarah,الخباره,False,False,True,
943,6,حبث,Habath,حبث,False,False,True,
944,6,آل ناهية,Al Nahiyah,ال ناهيه,False,False,True,
946,6,فتاح,Futah,فتاح,False,False,True,
947,6,مسلت,Maslat,مسلت,False,False,True,
949,6,آل عاصمي,Al 'Asimi,ال عاصمي,False,False,True,
950,6,ذي حصيمو,Dhi Husaymu,ذي حصيمو,False,False,True,
951,6,وسانب,Wusanib,وسانب,False,False,True,
952,6,الزهراء,Az Zaha,الزهراء,False,False,True,
953,6,المسقوي,Al Masqawi,المسقوي,False,False,True,
954,6,هدة,Hidah,هده,False,False,True,
955,6,الغال,Al Ghal,الغال,False,False,True,
956,6,قنا البحر,Qana & Al Bahr,قنا البحر,False,False,True,
957,6,خميس البحر,Khamis Al Bahr,خميس البحر,False,False,True,
958,6,قشيعة,Qushay'Ah,قشيعه,False,False,True,
959,6,دالج,Dalaj,دالج,False,False,True,
960,6,شط إبن جازعة,Shatt Ibn Jazi'Ah,شط ابن جازعه,False,False,True,
961,6,منقش,Manqash,منقش,False,False,True,
962,6,الدماغ,Ad Dimagh,الدماغ,False,False,True,
963,6,ثلوث ريم,Thuluth Rim,ثلوث ريم,False,False,True,
965,6,الضاجع,Ad Daji',الضاجع,False,False,True,
966,6,الرصعة,Ar Ras'Ah,الرصعه,False,False,True,
967,6,سنومة,Sanumah,سنومه,False,False,True,
969,6,السرو,As Sarw,السرو,False,False,True,
970,6,العشة,Al 'Ashshah,العشه,False,False,True,
971,6,آل مجم,Al Majam,ال مجم,False,False,True,
972,6,الحصون,Al Husun,الحصون,False,False,True,
973,6,القارية,Al Qariyah,القاريه,False,False,True,
974,6,الذروة,Adh Dhurwah,الذروه,False,False,True,
975,6,الشعبين,Ash Shi'Bayn,الشعبين,False,False,True,
976,6,آل عيسى,Al 'Isa,ال عيسي,False,False,True,
977,6,مرجومة,Marjumah,مرجومه,False,False,True,
978,6,بيغ,Bayyagh,بيغ,False,False,True,
979,6,الجزوة,Al Jazwah,الجزوه,False,False,True,
980,6,فقوة,Faqwah,فقوه,False,False,True,
981,6,آل متعالي,Al Mut'Ali,ال متعالي,False,False,True,
982,6,دبلاء,Dabla,دبلاء,False,False,True,
983,6,القرن,Al Qurun,القرن,False,False,True,
984,6,كلمة,Kalmah,كلمه,False,False,True,
985,6,آل مصم,Al Masam,ال مصم,False,False,True,
986,6,يسراة,Yasrah,يسراه,False,False,True,
987,6,الأثل,Al Athl,الاثل,False,False,True,
988,6,لصناي,Lasnay,لصناي,False,False,True,
989,6,عكية,'Ukyah,عكيه,False,False,True,
990,6,القرار,Al Qarar,القرار,False,False,True,
991,6,الجرف,Al Jarf,الجرف,False,False,True,
992,6,فيشان,Fayshan,فيشان,False,False,True,
994,6,حافظ,Hafidh,حافظ,False,False,True,
995,6,العلوبي,Al 'Ulubi,العلوبي,False,False,True,
996,6,الرمضة,Ar Rumadah,الرمضه,False,False,True,
997,6,فرعة طريب,Turaib,فرعه طريب,False,False,True,
998,6,الزهرة,Az Zahrah,الزهره,False,False,True,
999,6,آل معدي,Al Ma'Addi,ال معدي,False,False,True,
1000,6,الغلقة,Al Ghiliqah,الغلقه,False,False,True,
1001,6,الجلدة,Al Jildah,الجلده,False,False,True,
1002,6,آل قنبة,Al Qunbah,ال قنبه,False,False,True,
1003,6,الربعة,Ar Riba'Ah,الربعه,False,False,True,
1004,6,الوهابة,Al Wahabah,الوهابه,False,False,True,
1005,6,آل سعيدة,Al Sa'Idah,ال سعيده,False,False,True,
1006,6,آل كولت,Al Kulat,ال كولت,False,False,True,
1008,6,آل محي,Al Mihi,ال محي,False,False,True,
1009,6,الحدباء,Al Hadba,الحدباء,False,False,True,
1010,6,الحنجور,Al Hunjur,الحنجور,False,False,True,
1011,6,الحنو,Al Hinu,الحنو,False,False,True,
1012,6,المنابية,Al Manabiyah,المنابيه,False,False,True,
1013,6,الزهيد,Az Zuhayd,الزهيد,False,False,True,
1014,6,المحزمة,Al Muhazmah,المحزمه,False,False,True,
1015,6,الدربين,Ad Darbayn,الدربين,False,False,True,
1016,6,الشعاقة,Ash Sha'Aqah,الشعاقه,False,False,True,
1017,6,عدن,'Idin,عدن,False,False,True,
1018,6,الغول,Al Ghawl,الغول,False,False,True,
1019,6,درامة,Diramah,درامه,False,False,True,
1020,6,آل الخلف,Al Al Khalaf,ال الخلف,False,False,True,
1021,6,آل مانع,Al Mani',ال مانع,False,False,True,
1022,6,نقعة,Naq'Ah,نقعه,False,False,True,
1023,6,آل غبران,Al Ghubran,ال غبران,False,False,True,
1024,6,الفقاعيس,Al Fuqa'Is,الفقاعيس,False,False,True,
1025,6,الحريقة,Al Hariqah,الحريقه,False,False,True,
1026,6,العطفة,Al 'Utfah,العطفه,False,False,True,
1027,6,الفرشة,Al Farshah,الفرشه,False,False,True,
1028,6,الربوعة,Ar Rabuah,الربوعه,False,False,True,
1029,6,الجوة,Al Jawwah,الجوه,False,False,True,
1030,6,عرضين,Ardayn,عرضين,False,False,True,
1045,6,المجمع,Al Majma',المجمع,False,False,True,
1046,6,شيبة مسورة,Shaybat Miswarah,شيبه مسوره,False,False,True,
1047,6,آل ثابت,Al Thabit,ال ثابت,False,False,True,
1048,6,الجربة,Al Jirbah,الجربه,False,False,True,
1049,6,الغيل,Al Ghayl,الغيل,False,False,True,
1050,6,المجزعة,Al Majza'Ah,المجزعه,False,False,True,
1051,6,آل عليا,Al 'Alya,ال عليا,False,False,True,
1052,6,آل بيضاء,Al Bayda,ال بيضاء,False,False,True,
1053,6,آل معمر,Al Mu'Ammar,ال معمر,False,False,True,
1054,6,الملحة,Al Malhah,الملحه,False,False,True,
1055,6,الحاجر,Al Hajir,الحاجر,False,False,True,
1056,6,الملطاء,Al Malta,الملطاء,False,False,True,
1058,6,المجازة,Al Mijazah,المجازه,False,False,True,
1059,6,بن لكرم,Bin Lakram,بن لكرم,False,False,True,
1060,6,السلاطين,As Salatin,السلاطين,False,False,True,
1061,6,المحجر,Al Mahjar,المحجر,False,False,True,
1062,6,الوسط,Al Wasat,الوسط,False,False,True,
1063,6,العقدة,Al 'Uqdah,العقده,False,False,True,
1064,6,آل الأشعث,Al Al Ash'Ath,ال الاشعث,False,False,True,
1065,6,العنثري,Al 'Anthari,العنثري,False,False,True,
1066,6,آل عمران,Al 'Imran,ال عمران,False,False,True,
1067,6,آل جحالي,Al Jihali,ال جحالي,False,False,True,
1068,6,العرف,Al 'Araf,العرف,False,False,True,
1069,6,دهر,Dihir,دهر,False,False,True,
1071,6,الخضراء,Al Khadra,الخضراء,False,False,True,
1072,6,علاف,'Allaf,علاف,False,False,True,
1073,6,آل يعلى,Al Ya'La,ال يعلي,False,False,True,
1075,6,الكولة,Al Kulah,الكوله,False,False,True,
1076,6,حمران,Humran,حمران,False,False,True,
1077,6,آل لهوة,Al Lahwah,ال لهوه,False,False,True,
1368,6,الراحة,Ar Rahah,الراحه,False,False,True,
1369,6,اللصبة,Al Lasbah,اللصبه,False,False,True,
1370,6,جو جيبة,Jaww Jibah,جو جيبه,False,False,True,
1371,6,لهد,Luhud,لهد,False,False,True,
1372,6,الهدانة,Al Hadanah,الهدانه,False,False,True,
1373,6,أبو ذراع,Abu Dhira',ابو ذراع,False,False,True,
1374,6,السودة,As Sudah,السوده,False,False,True,
1375,6,الحريضة,Al Huraydah,الحريضه,False,False,True,
1376,6,الخطوة,Al Khutwah,الخطوه,False,False,True,
1377,6,الحبيل,Al Habil,الحبيل,False,False,True,
1378,6,آل قفيع,Al Qifay',ال قفيع,False,False,True,
1379,6,المضيق,Al Madiq,المضيق,False,False,True,
1380,6,آل لغر,Al Laghir,ال لغر,False,False,True,
1381,6,الهضبة,Al Hadabah,الهضبه,False,False,True,
1383,6,عنقرة,'Unqarah,عنقره,False,False,True,
1387,6,سرايم,Sarayim,سرايم,False,False,True,
1388,6,لزمة,Lazmah,لزمه,False,False,True,
1389,6,الدرب,Ad Darb,الدرب,False,False,True,
1390,6,بني تميم,Bani Tamim,بني تميم,False,False,True,
1391,6,القرحاء,Al Qarha,القرحاء,False,False,True,
1392,6,آل عمرة,Al 'Amrah,ال عمره,False,False,True,
1395,6,عراب,'Irab,عراب,False,False,True,
1396,6,آل مشهور,Al Mashhur,ال مشهور,False,False,True,
1397,6,آل عامر,Al 'Amir,ال عامر,False,False,True,
1398,6,آل حديلة,Al Hidaylah,ال حديله,False,False,True,
1399,6,آل حلامي,Al Hilami,ال حلامي,False,False,True,
1400,6,صفحان,Safhan,صفحان,False,False,True,
1637,6,وادي الحياة,Wadi Al Hayat,وادي الحياه,False,False,True,
1638,6,تندحة,Tendaha,تندحه,False,False,True,
1814,6,الكنهبلة,Al Kanahbilah,الكنهبله,False,False,True,
1815,6,السهوة,As Sahwah,السهوه,False,False,True,
1816,6,يانف,Yanif,يانف,False,False,True,
1817,6,حلباء,Halaba,حلباء,False,False,True,
1818,6,العدوة,Al 'Idwah,العدوه,False,False,True,
1825,6,تباشعة,Tubash'Ah,تباشعه,False,False,True,
1826,6,أم خيسة,Umm Khisah,ام خيسه,False,False,True,
1827,6,صلحلح,Salahlah,صلحلح,False,False,True,
2577,6,آل الصعدي,Al As Sa'Di,ال الصعدي,False,False,True,
2578,6,الشعف,Ash Sha'F,الشعف,False,False,True,
2579,6,لربوعة,Larbu'Ah,لربوعه,False,False,True,
2580,6,قريش,Qiraysh,قريش,False,False,True,
2581,6,آل دحمان,Al Dahman,ال دحمان,False,False,True,
2582,6,الجفر,Al Jafr,الجفر,False,False,True,
2583,6,شوحطة,Shuhitah,شوحطه,False,False,True,
2585,6,قاها,Qaha,قاها,False,False,True,
2586,6,آل عزة,Al 'Azzah,ال عزه,False,False,True,
2587,6,بيحان,Bihan,بيحان,False,False,True,
2588,6,قرآنية,Quraniyah,قرانيه,False,False,True,
2589,6,العطوف,Al 'Utuf,العطوف,False,False,True,
2608,6,السفح,As Safah,السفح,False,False,True,
2609,6,حزم مفتاح,Hazm Miftah,حزم مفتاح,False,False,True,
2610,6,جاش,Jash,جاش,False,False,True,
2611,6,روضة جاش,Rudat Jash,روضه جاش,False,False,True,
2612,6,الحرفين,Al Harfayn,الحرفين,False,False,True,
2613,6,لاعس,La'Is,لاعس,False,False,True,
2614,6,مريغان,Murayghan,مريغان,False,False,True,
2615,6,الدريب,Ad Dirayb,الدريب,False,False,True,
2616,6,الجازع,Al Jazi',الجازع,False,False,True,
2617,6,الفاخرية,Al Fakhriyah,الفاخريه,False,False,True,
2618,6,كتنة,Kutnah,كتنه,False,False,True,
2619,6,الجزيرة,Al Jazirah,الجزيره,False,False,True,
2620,6,الرهوة,Ar Rahawah,الرهوه,False,False,True,
2621,6,مريخة,Muraykhah,مريخه,False,False,True,
2622,6,ال سويدان,Al Suwaydan,ال سويدان,False,False,True,
2623,6,ال عيفان,Al Ayfan,ال عيفان,False,False,True,
2624,6,ال خميسة,Al Khumaysah,ال خميسه,False,False,True,
2625,6,القيرة,Al Qirah,القيره,False,False,True,
2626,6,الحمضة,Al Hamdah,الحمضه,False,False,True,
2627,6,الزرق,Az Zurq,الزرق,False,False,True,
2628,6,حبية,Habiyah,حبيه,False,False,True,
2629,6,رغوان,Rughwan,رغوان,False,False,True,
2631,6,الامواه,Al Amwah,الامواه,False,False,True,
2632,6,الصبيخة,As Subaykhah,الصبيخه,False,False,True,
2648,6,الخليج,Al Khalij,الخليج,False,False,True,
2649,6,الصبيحي,As Sabihi,الصبيحي,False,False,True,
2650,6,المدراء,Al Madra,المدراء,False,False,True,
2651,6,الباقرة,Al Baqirah,الباقره,False,False,True,
2652,6,نمران,Namran,نمران,False,False,True,
2653,6,شديق,Shudayq,شديق,False,False,True,
2654,6,الحرف,Al Harf,الحرف,False,False,True,
2655,6,العطف,Al 'Atf,العطف,False,False,True,
2656,6,الدحو,Ad Dihu,الدحو,False,False,True,
2657,6,الحريرة,Al Hurayrah,الحريره,False,False,True,
2658,6,الشقيقة,Ash Shaqiqah,الشقيقه,False,False,True,
2659,6,الرفائع,Ar Rafai',الرفايع,False,False,True,
2660,6,الجنينة,Al Junaynah,الجنينه,False,False,True,
2661,6,عيدان,Idan,عيدان,False,False,True,
2663,6,عقيلية,'Aqiliyah,عقيليه,False,False,True,
2664,6,بينة,Baynah,بينه,False,False,True,
2665,6,عرمان,'Arman,عرمان,False,False,True,
2666,6,القديح,Al Qidayh,القديح,False,False,True,
2667,6,واعر,Wa'Ir,واعر,False,False,True,
2668,6,الشط,Ash Shatt,الشط,False,False,True,
2669,6,المروة,Al Marwah,المروه,False,False,True,
2670,6,المهامل,Al Mahamil,المهامل,False,False,True,
2672,6,مهر,Muhr,مهر,False,False,True,
2673,6,البهيم,Al Bahim,البهيم,False,False,True,
2674,6,الغفرات,Al Ghafrat,الغفرات,False,False,True,
2675,6,المعدن,Al Ma'Din,المعدن,False,False,True,
2678,6,القاع,Al Qa',القاع,False,False,True,
2680,6,مجحم,Mujahhim,مجحم,False,False,True,
2681,6,الحجون,Al Hajun,الحجون,False,False,True,
2682,6,الهجرة,Al Hijrah,الهجره,False,False,True,
2683,6,الثنية,Ath Thiniyah,الثنيه,False,False,True,
2684,6,القوزية,Al Qawziyah,القوزيه,False,False,True,
2685,6,القوباء,Al Qawba,القوباء,False,False,True,
2686,6,قطبة,Qutbah,قطبه,False,False,True,
2687,6,دفرخرشان,Dafir Kharshan,دفرخرشان,False,False,True,
2688,6,جلال,Jallal,جلال,False,False,True,
2689,6,الديلمي,Ad Dailami,الديلمي,False,False,True,
2690,6,الرقيطاء,Ar Ruqaita',الرقيطاء,False,False,True,
2691,6,تبالة,Tabalah,تباله,False,False,True,
2692,6,الحازمي,Al Hazmi,الحازمي,False,False,True,
2718,6,الشقيق,Ash Shaqiq,الشقيق,False,False,True,
2719,6,البظاظة,Al Badhdhadhah,البظاظه,False,False,True,
2723,6,الفرع,Al Far',الفرع,False,False,True,
2724,6,البلس,Al Balas,البلس,False,False,True,
2725,6,العظة,Al 'Idhah,العظه,False,False,True,
2726,6,الصرف,As Suruf,الصرف,False,False,True,
2727,6,ثما,Thamma,ثما,False,False,True,
2728,6,العاسرة,Al 'Asirah,العاسره,False,False,True,
2729,6,حجاب,Hijab,حجاب,False,False,True,
2730,6,الحصنة,Al Husanah,الحصنه,False,False,True,
2732,6,الحصباء,Al Hasba,الحصباء,False,False,True,
2733,6,آل سلمة,Al Salamah,ال سلمه,False,False,True,
2734,6,ال الشيخ,Al Ash Shaykh,ال الشيخ,False,False,True,
2735,6,عمق,'Amaq,عمق,False,False,True,
2736,6,الحظيرة,Al Hadhirah,الحظيره,False,False,True,
2738,6,آل يوسف,Al Yusuf,ال يوسف,False,False,True,
2739,6,البدلة,Al Badlah,البدله,False,False,True,
2740,6,لولاة,Lawlah,لولاه,False,False,True,
2741,6,نجد قرض,Najd Qarad,نجد قرض,False,False,True,
2742,6,جمان,Jumman,جمان,False,False,True,
2743,6,كثم,Kathm,كثم,False,False,True,
2744,6,السلامة,As Salamah,السلامه,False,False,True,
2745,6,المثناة,Al Mathnah,المثناه,False,False,True,
2747,6,لعصان,Li'San,لعصان,False,False,True,
2748,6,المحالة,Al Mahalah,المحاله,False,False,True,
2749,6,الشرف,Ash Sharaf,الشرف,False,False,True,
2750,6,سر آل السريع,Sirr Al As Siri',سر ال السريع,False,False,True,
2751,6,العبب,Al 'Abab,العبب,False,False,True,
2752,6,الدارة,Ad Darah,الداره,False,False,True,
2753,6,الجرجر,Al Jarjar,الجرجر,False,False,True,
2754,6,عدوان,'Adwan,عدوان,False,False,True,
2755,6,العين,Al 'Ayn,العين,False,False,True,
2756,6,الجعجاع,Al Ja'Ja',الجعجاع,False,False,True,
2757,6,الموسطة,Al Mawsatah,الموسطه,False,False,True,
2758,6,آل جمعة,Al Jum'Ah,ال جمعه,False,False,True,
2759,6,العزيزة,Al 'Azizah,العزيزه,False,False,True,
2760,6,الهرير الغربي,Al Hirayr Al Gharbi,الهرير الغربي,False,False,True,
2761,6,إيتارة,Itarah,ايتاره,False,False,True,
2762,6,أبو نخلة,Abu Nakhlah,ابو نخله,False,False,True,
2763,6,القرح,Al Qurh,القرح,False,False,True,
2765,6,أبو جرشة,Abu Jarshah,ابو جرشه,False,False,True,
2766,6,الخشم,Al Khashm,الخشم,False,False,True,
2767,6,روغ العاند,Rugh Al 'Anid,روغ العاند,False,False,True,
2768,6,آل بالفلاح,Al Balfalah,ال بالفلاح,False,False,True,
2769,6,حجلا,Hajla,حجلا,False,False,True,
2771,6,تانة,Tanah,تانه,False,False,True,
2773,6,حبيب,Hubayyib,حبيب,False,False,True,
2774,6,رغفة,Rughfah,رغفه,False,False,True,
2775,6,عضاضة,'Adadah,عضاضه,False,False,True,
2777,6,القعرة,Al Qu'Rah,القعره,False,False,True,
2780,6,الصيحاني,As Sayhani,الصيحاني,False,False,True,
2781,6,البهيمة,Al Bihaymah,البهيمه,False,False,True,
2782,6,القرعاء,Al Qar'A,القرعاء,False,False,True,
2783,6,الجر الصغير,Al Jarr As Saghir,الجر الصغير,False,False,True,
2785,6,تمنية,Tamniyah,تمنيه,False,False,True,
2787,6,آل علي,Al 'Ali,ال علي,False,False,True,
2788,6,عين الذيبة,'Ayn Adh Dhibah,عين الذيبه,False,False,True,
2789,6,البارك,Al Barik,البارك,False,False,True,
2790,6,قرضة,Qaradah,قرضه,False,False,True,
2792,6,حصن الجرين,Husn Al Jarin,حصن الجرين,False,False,True,
2793,6,آل عاصم,Al 'Asim,ال عاصم,False,False,True,
2794,6,الجنفور,Al Janfur,الجنفور,False,False,True,
2795,6,عرايس,'Arayis,عرايس,False,False,True,
2796,6,عمام,'Umam,عمام,False,False,True,
2798,6,شوحط,Shuhat,شوحط,False,False,True,
2799,6,منادرالعين,Manadir Al 'Ayn,منادرالعين,False,False,True,
2800,6,بني رزام,Bani Rizam,بني رزام,False,False,True,
2801,6,الملاحة,Al Malahah,الملاحه,False,False,True,
2802,6,الطلحة,At Talhah,الطلحه,False,False,True,
2803,6,شرمة,Sharmah,شرمه,False,False,True,
2804,6,الحنق,Al Hanaq,الحنق,False,False,True,
2805,6,القرين,Al Qurayn,القرين,False,False,True,
2806,6,آل مجمل,Al Mujammal,ال مجمل,False,False,True,
2807,6,طبب,Tabab,طبب,False,False,True,
2808,6,الشطاط,Al Shutat,الشطاط,False,False,True,
2809,6,العبيدية,Al 'Abidiyah,العبيديه,False,False,True,
2810,6,السبت,As Sabt,السبت,False,False,True,
2811,6,حمالة,Himalah,حماله,False,False,True,
2813,6,آل بسام,Al Bassam,ال بسام,False,False,True,
2814,6,آل دكين,Al Dukayn,ال دكين,False,False,True,
2815,6,آل مهدي,Al Mahadi,ال مهدي,False,False,True,
2816,6,المصياد,Al Misyad,المصياد,False,False,True,
2817,6,الجزعة,Al Juz'Ah,الجزعه,False,False,True,
2818,6,آل مشدود,Al Mashdud,ال مشدود,False,False,True,
2819,6,الجهمة,Al Jihmah,الجهمه,False,False,True,
2820,6,العسران,Al 'Usran,العسران,False,False,True,
2821,6,آل بحبيب,Al Bihabib,ال بحبيب,False,False,True,
2822,6,آل قوشع,Al Qawsha',ال قوشع,False,False,True,
2844,6,العرق,Al 'Irq,العرق,False,False,True,
2845,6,كعب,Ka'B,كعب,False,False,True,
2846,6,الخاضرة,Al Khadirah,الخاضره,False,False,True,
2847,6,القرن الأبيض,Al Qarn Al Abyad,القرن الابيض,False,False,True,
2848,6,الدحض,Ad Dahid,الدحض,False,False,True,
2849,6,الظهارة,Adh Dhaharah,الظهاره,False,False,True,
2850,6,مخدرة,Makhdarah,مخدره,False,False,True,
2852,6,القرية,Al Qaryah,القريه,False,False,True,
2853,6,بني مليح,Bany Mulayh,بني مليح,False,False,True,
2854,6,وادي الغيل,Wadi Al Ghayl,وادي الغيل,False,False,True,
2855,6,مليح,Milayyah,مليح,False,False,True,
2856,6,ربوع السرو,Rubu' As Sarw,ربوع السرو,False,False,True,
2857,6,آل بو خشيف,Al Bukhishayf,ال بو خشيف,False,False,True,
2858,6,بهوان,Bahwan,بهوان,False,False,True,
2859,6,الضاربين,Ad Daribayn,الضاربين,False,False,True,
2860,6,آل مخلد,Al Makhlad,ال مخلد,False,False,True,
2861,6,آل عباس,Al 'Abbas,ال عباس,False,False,True,
2862,6,آل مضرة,Al Midrah,ال مضره,False,False,True,
2863,6,غاشرة,Ghashirah,غاشره,False,False,True,
2864,6,ذبوب,Dhabub,ذبوب,False,False,True,
2865,6,مجالد,Mijalid,مجالد,False,False,True,
2866,6,آل سخيطة,Al Sakhaytah,ال سخيطه,False,False,True,
2867,6,عبالة,'Aballah,عباله,False,False,True,
2868,6,آل عبيد,Al 'Ubayd,ال عبيد,False,False,True,
2869,6,آل مشاعر,Al Misha'Ir,ال مشاعر,False,False,True,
2870,6,مسفرة,Misfirah,مسفره,False,False,True,
2872,6,الحفاة,Al Hufah,الحفاه,False,False,True,
2873,6,الصرة,As Surrah,الصره,False,False,True,
2874,6,حوراء,Hawra,حوراء,False,False,True,
2876,6,كبدة,Kubadah,كبده,False,False,True,
2877,6,العينين,Al 'Aynayn,العينين,False,False,True,
2879,6,الواديين,Al Wadiyayn,الواديين,False,False,True,
2880,6,آل لجم,Al Lajam,ال لجم,False,False,True,
2881,6,الاثنين,Al Ithnayn,الاثنين,False,False,True,
2883,6,سحيبان,Suhayban,سحيبان,False,False,True,
2884,6,العمارة,Al 'Ammarah,العماره,False,False,True,
2885,6,قيان,Qiyan,قيان,False,False,True,
2886,6,الغرس,Al Ghars,الغرس,False,False,True,
2887,6,الحكيمة,Al Hakimah,الحكيمه,False,False,True,
2888,6,الرقوة,Ar Raqwah,الرقوه,False,False,True,
2889,6,آل الجلدة,Al Al Jildah,ال الجلده,False,False,True,
2890,6,مشروفة,Mashrufah,مشروفه,False,False,True,
2891,6,لاهمة,Lahmah,لاهمه,False,False,True,
2892,6,آل فهيد,Al Fuhayd,ال فهيد,False,False,True,
2894,6,آل صنيج,Al Sunayj,ال صنيج,False,False,True,
2896,6,آل كشيم,Al Kushaym,ال كشيم,False,False,True,
2897,6,الحذيان,Al Hadhyan,الحذيان,False,False,True,
3071,6,آل سرحان,Al Sirhan,ال سرحان,False,False,True,
3088,6,ال اثيبة,Al Ithibah,ال اثيبه,False,False,True,
3089,6,ال التوم,Al At Tum,ال التوم,False,False,True,
3090,6,ال الجلدة,Al Al Jildah,ال الجلده,False,False,True,
3091,6,ال الداحس,Al Ad Dahis,ال الداحس,False,False,True,
3092,6,ال الذيب,Al Adh Dhib,ال الذيب,False,False,True,
3093,6,ال الزارية,Al Az Zariyah,ال الزاريه,False,False,True,
3094,6,ال الصعدي,Al As Sadi,ال الصعدي,False,False,True,
3096,6,ال جلال,Al Jallal,ال جلال,False,False,True,
3097,6,ال جمعة,Al Jumah,ال جمعه,False,False,True,
3098,6,ال حديلة,Al Hidaylah,ال حديله,False,False,True,
3100,6,ال خضاري,Al Khidari,ال خضاري,False,False,True,
3101,6,ال دحمان,Al Dahman,ال دحمان,False,False,True,
3102,6,ال دلهم,Al Dalham,ال دلهم,False,False,True,
3104,6,ال زيدي,Al Zaydi,ال زيدي,False,False,True,
3106,6,ال سفيان,Al Sufyan,ال سفيان,False,False,True,
3107,6,ال سلمة,Al Salamah,ال سلمه,False,False,True,
3108,6,ال شدادي,Al Shaddadi,ال شدادي,False,False,True,
3110,6,ال عاصم,Al Asim,ال عاصم,False,False,True,
3111,6,ال عاصمي,Al Asimi,ال عاصمي,False,False,True,
3114,6,ال عزة,Al Azzah,ال عزه,False,False,True,
3115,6,ال علي,Al Ali,ال علي,False,False,True,
3116,6,ال عمرة,Al Amrah,ال عمره,False,False,True,
3117,6,ال غلفق,Al Ghalfaq,ال غلفق,False,False,True,
3118,6,آل فرش,Al Farsh,ال فرش,False,False,True,
3119,6,ال قنبة,Al Qunbah,ال قنبه,False,False,True,
3120,6,ال لغر,Al Laghir,ال لغر,False,False,True,
3122,6,ال مانع,Al Mani,ال مانع,False,False,True,
3124,6,ال محصن,Al Muhsun,ال محصن,False,False,True,
3125,6,ال مخلد,Al Makhlad,ال مخلد,False,False,True,
3126,6,ال مشاعر,Al Mishair,ال مشاعر,False,False,True,
3127,6,ال معدي,Al Maaddi,ال معدي,False,False,True,
3128,6,ال معلوي,Al Malawi,ال معلوي,False,False,True,
3129,6,ال مكر,Al Makir,ال مكر,False,False,True,
3130,6,ال يزيد,Al Yazid,ال يزيد,False,False,True,
3133,6,الاجرع الشمالي,Al Ajra Ash Shamali,الاجرع الشمالي,False,False,True,
3177,6,السبطة,As Sabatah,السبطه,False,False,True,
3214,6,العيش,Al Aish,العيش,False,False,True,
3275,6,ام شعبين,Umm Shbayn,ام شعبين,False,False,True,
3277,6,ام فرع,Umm Fura,ام فرع,False,False,True,
3321,6,طيب الاسم,Tayyib Al Ism,طيب الاسم,False,False,True,
3357,6,أم الفروغ,Umm Al Furugh,ام الفروغ,False,False,True,
3359,6,بحر ابو سكينة,Bahr Abu Sukaynah,بحر ابو سكينه,False,False,True,
3366,6,ختبة,Khatbah,ختبه,False,False,True,
3369,6,آل زهير,Al Zuhayr,ال زهير,False,False,True,
3371,6,آل لوط,Al Lut,ال لوط,False,False,True,
3372,6,آل مجادب,Al Mijadib,ال مجادب,False,False,True,
3383,6,آل إثيبة,Al Ithibah,ال اثيبه,False,False,True,
3413,6,القاع,Al Qa',القاع,False,False,True,
3423,6,سبت العلاية,Sabt Al 'Alayah,سبت العلايه,False,False,True,
3426,6,العطفة,Al 'Utfah,العطفه,False,False,True,
3427,6,العطفة,Al 'Utfah,العطفه,False,False,True,
26,7,تبوك,Tabuk,تبوك,True,True,True,
90,7,تيماء,Tayma',تيماء,True,False,True,
91,7,املج,Umluj,املج,True,False,True,
92,7,الوجه,Al Wajh,الوجه,True,False,True,
93,7,حقل,Haql,حقل,True,False,True,
94,7,البدع,Al Bad',البدع,True,False,True,
102,7,ضبا,Duba,ضبا,True,False,True,
95,7,حالة عمار,Halat Ammar,حاله عمار,False,False,True,
97,7,القليبة,Al Qalibah,القليبه,False,False,True,
98,7,مركز البئر,Albei'R,البير,False,False,True,
367,7,مقنا,Maqna,مقنا,False,False,True,
369,7,الزيتة,Az Zaytah,الزيته,False,False,True,
370,7,العسافية,Al Assafiyah,العسافيه,False,False,True,
633,7,شقري,Shiqri,شقري,False,False,True,
634,7,نعمي,Na'Mi,نعمي,False,False,True,
635,7,عيينة,'Uyaynah,عيينه,False,False,True,
636,7,حميط,Humayt,حميط,False,False,True,
637,7,العنبة,Al 'Anabah,العنبه,False,False,True,
638,7,الشرف,Ash Sharaf,الشرف,False,False,True,
639,7,رجم الطيارة,Rajm At Tayarah,رجم الطياره,False,False,True,
640,7,الثميد,Ath Thumayd,الثميد,False,False,True,
641,7,عسيلة,'Asillah,عسيله,False,False,True,
642,7,كلوة,Kilwah,كلوه,False,False,True,
643,7,المريشدية,Al Murayshdiyah,المريشديه,False,False,True,
644,7,عمرات,'Amrat,عمرات,False,False,True,
645,7,الخشة,Al Khashah,الخشه,False,False,True,
646,7,بجدة,Bajdah,بجده,False,False,True,
649,7,بئر بن هرماس,Bir Ibn Hermas,بير بن هرماس,False,False,True,
650,7,الشايب,Ash Shayib,الشايب,False,False,True,
651,7,الفوهة,Al Fawhah,الفوهه,False,False,True,
652,7,اللوز,Al Lawz,اللوز,False,False,True,
653,7,عين الأخضر,'Ayn Al Akhdar,عين الاخضر,False,False,True,
654,7,ذات الحاج,Dhat Al Hajj,ذات الحاج,False,False,True,
655,7,المعظم,Al Ma'Dham,المعظم,False,False,True,
656,7,قيال,Qiyal,قيال,False,False,True,
657,7,الاخضر,Al Akhdar,الاخضر,False,False,True,
658,7,البديعة,Al Badi'Ah,البديعه,False,False,True,
659,7,مغيرة,Mughayrah,مغيره,False,False,True,
660,7,الهوجاء,Al Hawja',الهوجاء,False,False,True,
662,7,الخريطة,Al Khuraytah,الخريطه,False,False,True,
663,7,ابار قنا,Abar Qana,ابار قنا,False,False,True,
664,7,الجبعاوية,Al Jab'Awiyah,الجبعاويه,False,False,True,
665,7,الحميضة,Al Humaydah,الحميضه,False,False,True,
666,7,البيانة,Al Bayyanah,البيانه,False,False,True,
667,7,الدرة,Ad Durrah,الدره,False,False,True,
669,7,علقان,'Alaqan,علقان,False,False,True,
670,7,الوادي الجديد,Al Wadi Al Jadid,الوادي الجديد,False,False,True,
671,7,مليح,Mulayh,مليح,False,False,True,
672,7,ابو الحنشان,Abu Al Hinshan,ابو الحنشان,False,False,True,
695,7,بئر ابن رشدان,Bir Ibn Rashdan,بير ابن رشدان,False,False,True,
696,7,بوهان,Buhan,بوهان,False,False,True,
697,7,السنانيات,As Sananiyat,السنانيات,False,False,True,
698,7,حزايا,Hazaya,حزايا,False,False,True,
699,7,أكباد,Akbad,اكباد,False,False,True,
700,7,بئر الحيز,Bir Al Hayz,بير الحيز,False,False,True,
701,7,جريداء,Jurayda,جريداء,False,False,True,
703,7,عردة,'Ardah,عرده,False,False,True,
704,7,الكتيب,Al Kutaib,الكتيب,False,False,True,
705,7,بئر فجر,Bi'R Fajr,بير فجر,False,False,True,
1199,7,الراس,Ar Ras,الراس,False,False,True,
1200,7,البيت,Al Bayt,البيت,False,False,True,
1201,7,بئر بحار,Bir Bahar,بير بحار,False,False,True,
1202,7,سبحان,Sabhan,سبحان,False,False,True,
1203,7,شدوا,Shadwa,شدوا,False,False,True,
1204,7,أم الريح,Umm Ar Rih,ام الريح,False,False,True,
1205,7,حرم,Haram,حرم,False,False,True,
1206,7,عكوز,'Akuz,عكوز,False,False,True,
1207,7,السديد,As Sudayd,السديد,False,False,True,
1208,7,الحفيرة,Al Hufayrah,الحفيره,False,False,True,
1209,7,النابع,An Nabi',النابع,False,False,True,
1210,7,عنتر,'Antar,عنتر,False,False,True,
1211,7,المنجور,Al Manjur,المنجور,False,False,True,
1212,7,ابا القزاز,Aba Al Qizaz,ابا القزاز,False,False,True,
1213,7,بداء,Bada',بداء,False,False,True,
1214,7,خرباء,Khurba',خرباء,False,False,True,
1215,7,الكر,Al Kurr,الكر,False,False,True,
1273,7,الشبعان,Ash Shaban,الشبعان,False,False,True,
1274,7,الدقم,Ad Duqum,الدقم,False,False,True,
1275,7,القرص,Al Qars,القرص,False,False,True,
1276,7,حراض,Hirad,حراض,False,False,True,
1277,7,الشبحة,Ash Shibahah,الشبحه,False,False,True,
1278,7,روضة الاغيدرات,Rawdat Al Aghaydirat,روضه الاغيدرات,False,False,True,
1279,7,الخضراء الجديدة,Al Khadra Al Jadidah,الخضراء الجديده,False,False,True,
1280,7,سمور,Samur,سمور,False,False,True,
1281,7,الرويضات,Al Ruwaydat,الرويضات,False,False,True,
1282,7,المهدرة,Al Mahadrah,المهدره,False,False,True,
1283,7,بقيلة,Buqaylah,بقيله,False,False,True,
1284,7,النعيلة,An Nu'Aylah,النعيله,False,False,True,
1285,7,الزغلية,Az Zaghliyah,الزغليه,False,False,True,
1286,7,توله,Tuwalah,توله,False,False,True,
1287,7,العين,Al 'Ayn,العين,False,False,True,
1288,7,فم شثاث,Famm Shithath,فم شثاث,False,False,True,
1289,7,الحرة,Al Harrah,الحره,False,False,True,
1290,7,العمبجة,Al 'Ambijah,العمبجه,False,False,True,
1291,7,الشدخ,Ash Shidakh,الشدخ,False,False,True,
1292,7,المرامية,Al Maramiyah,المراميه,False,False,True,
1401,7,الهامة,Al Hamah,الهامه,False,False,True,
1402,7,بئر ابو العجاج,Bir Abu Al 'Ajjaj,بير ابو العجاج,False,False,True,
1403,7,بئر السادي,Bir As Sadi,بير السادي,False,False,True,
1404,7,قلعة الاذنم,Qal'At Al Adhnum,قلعه الاذنم,False,False,True,
1405,7,سلوى,Salwa,سلوي,False,False,True,
1406,7,وادي ابو طينة,Wadi Abu Tinah,وادي ابو طينه,False,False,True,
1407,7,الصورة,As Surah,الصوره,False,False,True,
1408,7,تريم,Tiraym,تريم,False,False,True,
1409,7,بئر فحيمان,Bir Fhayman,بير فحيمان,False,False,True,
1410,7,قاصرة,Qasrah,قاصره,False,False,True,
1411,7,هداج,Haddaj,هداج,False,False,True,
1412,7,الحواويط,Al Hawawit,الحواويط,False,False,True,
1413,7,جبة,Jubbah,جبه,False,False,True,
1414,7,المهارش,Al Mharish,المهارش,False,False,True,
1415,7,ضوجي,Duji,ضوجي,False,False,True,
1416,7,المرير,Al Murayr,المرير,False,False,True,
1417,7,شواق,Shuwaq,شواق,False,False,True,
1418,7,آمدان,Amdan,امدان,False,False,True,
1419,7,رواقا,Ruwaqa,رواقا,False,False,True,
1420,7,الخريبة,Al Khuraybah,الخريبه,False,False,True,
1421,7,صر,Surr,صر,False,False,True,
1422,7,صدر,Sadr,صدر,False,False,True,
1423,7,نابع داما,Nabi' Dama,نابع داما,False,False,True,
1424,7,قبقاب,Qabqab,قبقاب,False,False,True,
1425,7,شرماء,Sharma,شرماء,False,False,True,
1426,7,شغب,Shaghab,شغب,False,False,True,
1507,7,العمود,Al 'Amud,العمود,False,False,True,
1508,7,الحميرة,Al Humayrah,الحميره,False,False,True,
1509,7,الغال,Al Ghal,الغال,False,False,True,
1511,7,الحشا,Al Hasha,الحشا,False,False,True,
1512,7,عينونة,'Aynunah,عينونه,False,False,True,
1513,7,بئر عودة,Bir 'Audah,بير عوده,False,False,True,
1514,7,الجدة,Al Jiddah,الجده,False,False,True,
2431,7,المويلح,Al Muwaylih,المويلح,False,False,True,
2432,7,الديسة,Ad Disah,الديسه,False,False,True,
27,8,حائل,Hail,حايل,True,True,True,
227,8,الغزالة,Al Ghazalah,الغزاله,True,False,True,
238,8,سميراء,Simira',سميراء,True,False,True,
240,8,موقق,Mawqaq,موقق,True,False,True,
241,8,الشملي,Ash Shamli,الشملي,True,False,True,
258,8,الحائط,Al Hait,الحايط,True,False,True,
259,8,بقعاء,Baq'A,بقعاء,True,False,True,
260,8,الشنان,Ash Shinan,الشنان,True,False,True,
401,8,السليمي,As Sulaymi,السليمي,True,False,True,
233,8,الخطة,Al Khuttah,الخطه,False,False,True,
239,8,الروضة,Ar Rawdah,الروضه,False,False,True,
242,8,مدينة جبة,Juba City,جبه,False,False,True,
261,8,تربه,Turubah,تربه,False,False,True,
414,8,القرفاء,Al Qarfa,القرفاء,False,False,True,
415,8,الجرعاء,Al Jar'A,الجرعاء,False,False,True,
416,8,الروق,Ar Ruwaq,الروق,False,False,True,
417,8,سبيعة,Sibi'Ah,سبيعه,False,False,True,
418,8,الرشاوية,Ar Rishawiyah,الرشاويه,False,False,True,
419,8,الميركة,Al Mirakah,الميركه,False,False,True,
420,8,الشلالة,Ash Shallalah,الشلاله,False,False,True,
421,8,أم العماير,Umm Al 'Amayir,ام العماير,False,False,True,
422,8,مزارع تخاييل,Mazari Takhayil,مزارع تخاييل,False,False,True,
423,8,بدائع إبضة,Badai' Ibdah,بدايع ابضه,False,False,True,
424,8,الحورا,Al Hawra,الحورا,False,False,True,
425,8,بدائع علقة,Badai' 'Ilqih,بدايع علقه,False,False,True,
426,8,إبضة,Ibdah,ابضه,False,False,True,
427,8,ثرال,Thiral,ثرال,False,False,True,
428,8,زيخين,Zikhin,زيخين,False,False,True,
429,8,الخيط,Al Khayt,الخيط,False,False,True,
430,8,الصلبية,As Sulubiyah,الصلبيه,False,False,True,
431,8,المعازل,Al Ma'Azil,المعازل,False,False,True,
432,8,المضابيع,Al Madabi',المضابيع,False,False,True,
433,8,الساقية,As Saqiyah,الساقيه,False,False,True,
434,8,العدوة,Al 'Idwah,العدوه,False,False,True,
435,8,السعيرة,As Si'Ayyirah,السعيره,False,False,True,
436,8,رك,Rakk,رك,False,False,True,
437,8,الفويلق / الرشاوية,Al Fuwaileq / Ar Rishawiyah,الفويلق / الرشاويه,False,False,True,
438,8,الابيتر,Al Ubaitir,الابيتر,False,False,True,
439,8,الكهيفية,Al Kihayfiyah,الكهيفيه,False,False,True,
440,8,العظيم,Al 'Udhaim,العظيم,False,False,True,
504,8,بدائع الفقي,Bdai' Al Fuqayy,بدايع الفقي,False,False,True,
506,8,خفيج أم هشيم,Khufayj Umm Hashim,خفيج ام هشيم,False,False,True,
507,8,العمائر,Al 'Amair,العماير,False,False,True,
508,8,الصور,As Sur,الصور,False,False,True,
509,8,قرية عشيرة,Qaryat 'Ishayrah,قريه عشيره,False,False,True,
510,8,عقلة المخروق,'Uqlat Al Makhruq,عقله المخروق,False,False,True,
511,8,أم هشيم,Umm Hshim,ام هشيم,False,False,True,
512,8,مصدة,Masadah,مصده,False,False,True,
513,8,أبلة,Ablah,ابله,False,False,True,
514,8,القصيلة,Al Qusailah,القصيله,False,False,True,
515,8,الحماد,Al Hamad,الحماد,False,False,True,
516,8,الوهيبيات,Al Wuhaybiyat,الوهيبيات,False,False,True,
517,8,أرينبة,Uraynibah,ارينبه,False,False,True,
518,8,فرتاج,Firtaj,فرتاج,False,False,True,
519,8,الشبرية الصفراء,Ash Shibriyah As Safra,الشبريه الصفراء,False,False,True,
520,8,الشبرية الحمراء,Ash Shibriyah Al Hamra,الشبريه الحمراء,False,False,True,
521,8,الوسيطي,Al Wusayti,الوسيطي,False,False,True,
522,8,الصخنة,As Sikhinah,الصخنه,False,False,True,
523,8,أفيعية,Afay'Iyah,افيعيه,False,False,True,
524,8,الهمجة,Al Hamjah,الهمجه,False,False,True,
525,8,المعاذب,Al Ma'Adhib,المعاذب,False,False,True,
526,8,الهدية,Al Hudayyah,الهديه,False,False,True,
527,8,الغريسة,Al Gharisah,الغريسه,False,False,True,
528,8,المجيصة,Al Mijayssah,المجيصه,False,False,True,
529,8,البركة,Al Birkah,البركه,False,False,True,
530,8,طلوح,Tuluh,طلوح,False,False,True,
531,8,الحليفة السفلى,Al Hulayfah As Suflah,الحليفه السفلي,False,False,True,
534,8,قاع حجلا,Qa' Hajla,قاع حجلا,False,False,True,
535,8,الخفج,Al Khufj,الخفج,False,False,True,
536,8,الفقي,Al Fuqay,الفقي,False,False,True,
537,8,النبوان,An Nabuwan,النبوان,False,False,True,
538,8,العقلة,Al 'Uqlah,العقله,False,False,True,
539,8,العوشري,Al Awshari,العوشري,False,False,True,
540,8,مرغان,Maraghan,مرغان,False,False,True,
541,8,الهويدي,Al Huwaidi,الهويدي,False,False,True,
542,8,القصيصة,Al Qusaysah,القصيصه,False,False,True,
543,8,المسجد,Al Masjid,المسجد,False,False,True,
544,8,سقف,Saqf,سقف,False,False,True,
545,8,بدع ابن حويط,Bid' Bin Huwayyit,بدع ابن حويط,False,False,True,
546,8,بدائع الصداعية,Badai' As Suda'Iyah,بدايع الصداعيه,False,False,True,
547,8,ريع البكر,Ri' Al Bakr,ريع البكر,False,False,True,
1427,8,الجلف,Al Jilf,الجلف,False,False,True,
1428,8,الهرير,Al Hurayr,الهرير,False,False,True,
1429,8,طوية,Tuwayyah,طويه,False,False,True,
1430,8,البدع,Al Bid',البدع,False,False,True,
1431,8,الجديدة,Al Judayyidah,الجديده,False,False,True,
1432,8,الرويع,Ar Ruway',الرويع,False,False,True,
1433,8,العضدي,Al 'Iddi,العضدي,False,False,True,
1434,8,المرمى,Al Marma,المرمي,False,False,True,
1435,8,المندسة الشرقية,Al Mindassah Ash Sharqiyah,المندسه الشرقيه,False,False,True,
1436,8,التيم,At Tim,التيم,False,False,True,
1437,8,القليبين,Al Qulaybayn,القليبين,False,False,True,
1438,8,رينبة,Raynibah,رينبه,False,False,True,
1440,8,الحميراء,Al Humayra,الحميراء,False,False,True,
1441,8,الغار,Al Ghar,الغار,False,False,True,
1442,8,المعيقلات,Al Mu'Ayqilat,المعيقلات,False,False,True,
1443,8,المويكر,Al Muwaykir,المويكر,False,False,True,
1444,8,المكظم,Al Makdham,المكظم,False,False,True,
1445,8,الدارة,Al Darah,الداره,False,False,True,
1446,8,الشبيكة,Ash Shubaykah,الشبيكه,False,False,True,
1447,8,المبعوثة,Al Mab'Uthah,المبعوثه,False,False,True,
1448,8,الجفر,Al Jafur,الجفر,False,False,True,
1449,8,المعترضة,Al Mu'Taridah,المعترضه,False,False,True,
1450,8,اللقيطه,Al Liqitah,اللقيطه,False,False,True,
1451,8,منشار,Minshar,منشار,False,False,True,
1452,8,سهلة بدنة,Sahlat Badanah,سهله بدنه,False,False,True,
1453,8,بدائع مريفق,Badai' Murayfiq,بدايع مريفق,False,False,True,
1454,8,الصليعاء,As Sulay'A,الصليعاء,False,False,True,
1455,8,الصبيحية,As Subayhiyah,الصبيحيه,False,False,True,
1456,8,الأثلة,Al Athlah,الاثله,False,False,True,
1457,8,حويان,Huwayyan,حويان,False,False,True,
1458,8,المبيدع,Al Mubaydi',المبيدع,False,False,True,
1459,8,المبدع,Al Mabda',المبدع,False,False,True,
1463,8,المسلسل,Al Musalsal,المسلسل,False,False,True,
1464,8,سبطر,Sibutar,سبطر,False,False,True,
1465,8,الحفيرة,Al Hufayrah,الحفيره,False,False,True,
1466,8,غرمول العويد,Ghurmul Al Uwayd,غرمول العويد,False,False,True,
1467,8,الحامرية,Al Hamiriyah,الحامريه,False,False,True,
1468,8,الخبة,Al Khabbah,الخبه,False,False,True,
1469,8,الحطي,Al Hati,الحطي,False,False,True,
1470,8,الصنينا,As Sunayna',الصنينا,False,False,True,
1471,8,دليهان,Dulayhan,دليهان,False,False,True,
1472,8,الشقيق,Ash Shuqayq,الشقيق,False,False,True,
1473,8,ابا الحيران,Aba Al Hiran,ابا الحيران,False,False,True,
1474,8,قليب الاطرم,Qalib Al Atram,قليب الاطرم,False,False,True,
1475,8,بيضاء نثيل,Bayda' Nathil,بيضاء نثيل,False,False,True,
1476,8,قناء,Qina',قناء,False,False,True,
1477,8,المشيطية,Al Mushaytiyah,المشيطيه,False,False,True,
1478,8,التربية,At Turbiyah,التربيه,False,False,True,
1480,8,جبه,Jubbah,جبه,False,False,True,
1482,8,عقلة بن جبرين,Uqlat Bin Jabrin,عقله بن جبرين,False,False,True,
1483,8,ام القلبان,Umm Al Qulban,ام القلبان,False,False,True,
1484,8,مزارع السحل,Mazari' As Sihhal,مزارع السحل,False,False,True,
1485,8,مزارع الرغلية,Mazari Ar Righliyah,مزارع الرغليه,False,False,True,
1486,8,الطليحة,At Tulayhah,الطليحه,False,False,True,
1487,8,مزارع الصفيا,Mazari' As Safya,مزارع الصفيا,False,False,True,
1489,8,المهينية,Al Mihayniyah,المهينيه,False,False,True,
1490,8,الوعيلي,Al Wu'Ayli,الوعيلي,False,False,True,
1491,8,مزارع الرخيصية,Mazari' Ar Rikhaysiyah,مزارع الرخيصيه,False,False,True,
1492,8,مزارع بيط,Mazari' Bayt,مزارع بيط,False,False,True,
1493,8,الجثياثة,Al Jithyathah,الجثياثه,False,False,True,
1494,8,القصعاء,Al Qas'A,القصعاء,False,False,True,
1495,8,اللويبدة,Al Luwaybidah,اللويبده,False,False,True,
1496,8,الجثامية,Al Jithamiyyah,الجثاميه,False,False,True,
1497,8,السويفلة,As Suwayfilah,السويفله,False,False,True,
1498,8,الاجفر,Al Ajfar,الاجفر,False,False,True,
1499,8,ضبيعة,Dubay'Ah,ضبيعه,False,False,True,
1500,8,الشيحية,Ash Shihiyah,الشيحيه,False,False,True,
1501,8,الشعيبة,Ash Shu'Aybah,الشعيبه,False,False,True,
1502,8,بقعاء الشرقية,Baq'A' Ash Sharqiyah,بقعاء الشرقيه,False,False,True,
1503,8,الثنيان,Ath Thinayyan,الثنيان,False,False,True,
1505,8,الشعلانية,Ash Sha'Laniyah,الشعلانيه,False,False,True,
1506,8,طلحاء,Talha',طلحاء,False,False,True,
1829,8,النقرة,An Nuqrah,النقره,False,False,True,
1830,8,كمب الضلوع,Kamp Ad Dulu',كمب الضلوع,False,False,True,
1831,8,الحفير,Al Hufayr,الحفير,False,False,True,
1832,8,الودي,Al Wudayy,الودي,False,False,True,
1833,8,قصر العشروات,Qasr Al Ishruwat,قصر العشروات,False,False,True,
1834,8,سراء,Sara',سراء,False,False,True,
1835,8,فيضة بن سويلم,Faydat Ibn Suwaylim,فيضه بن سويلم,False,False,True,
1836,8,النيصية,An Nisiyah,النيصيه,False,False,True,
1837,8,مريفق,Murayfiq,مريفق,False,False,True,
1838,8,قفار,Qufar,قفار,False,False,True,
1839,8,توارين,Tuwarin,توارين,False,False,True,
1840,8,عقدة,'Iqdah,عقده,False,False,True,
1841,8,المحفر,Al Muhaffar,المحفر,False,False,True,
1842,8,المختلف,Al Mukhtalif,المختلف,False,False,True,
1843,8,الصهوة,As Sahwah,الصهوه,False,False,True,
1844,8,اللويمي,Al Luwaymi,اللويمي,False,False,True,
1845,8,المستجدة,Al Mustajiddah,المستجده,False,False,True,
1846,8,العجاجة,Al 'Ajajah,العجاجه,False,False,True,
1847,8,الرقب,Ar Raqab,الرقب,False,False,True,
1848,8,النمارة,An Nimarah,النماره,False,False,True,
1849,8,العيثمة,Al 'Aythamah,العيثمه,False,False,True,
1850,8,لبدة,Libdah,لبده,False,False,True,
1851,8,ضرغط,Darghat,ضرغط,False,False,True,
1852,8,ضريغط,Duraighat,ضريغط,False,False,True,
1853,8,الحميمة,Al Humaimah,الحميمه,False,False,True,
1854,8,بدائع اول,Badai' Awl,بدايع اول,False,False,True,
1855,8,الثمامية,Ath Thimamiyah,الثماميه,False,False,True,
1856,8,الحليفة العليا,Al Hulayfah Al 'Ulya,الحليفه العليا,False,False,True,
1857,8,مرحب الشمالي,Marhab Ash Shamali,مرحب الشمالي,False,False,True,
1858,8,العرادية,Al 'Aradiyah,العراديه,False,False,True,
1859,8,فيضة اثقب,Faydat Athqab,فيضه اثقب,False,False,True,
1860,8,روض ابن هادي,Rawd Ibn Hadi,روض ابن هادي,False,False,True,
1861,8,الوسعة,Al Was'Ah,الوسعه,False,False,True,
1862,8,الشويمس,Ash Shiwaymis,الشويمس,False,False,True,
1863,8,البرقة,Al Barqah,البرقه,False,False,True,
2433,8,فيد,Fayd,فيد,False,False,True,
2434,8,طابة,Tabah,طابه,False,False,True,
2435,8,الكهفة,Al Kahafah,الكهفه,False,False,True,
2436,8,عقلة بن داني,Uqlat Ibn Dani,عقله بن داني,False,False,True,
2437,8,عقلة اللبن,Uqlat Al Laban,عقله اللبن,False,False,True,
2438,8,الصفراء,As Safra',الصفراء,False,False,True,
2439,8,البير,Al Bir,البير,False,False,True,
2440,8,عقلة ابن كليب,'Uqlat Ibn Kulayb,عقله ابن كليب,False,False,True,
2441,8,عريجاء,Uraija',عريجاء,False,False,True,
2442,8,المطرفية,Al Matrafiyah,المطرفيه,False,False,True,
2443,8,المضيح,Al Mudayyih,المضيح,False,False,True,
2444,8,غمرة,Ghamrah,غمره,False,False,True,
2445,8,النعي,An Ni'Ayy,النعي,False,False,True,
2446,8,الجحفة,Al Juhfah,الجحفه,False,False,True,
2447,8,العش,Al 'Ishsh,العش,False,False,True,
2448,8,السبعان,As Sab'An,السبعان,False,False,True,
2460,8,الخريمي,Al Khuraymi,الخريمي,False,False,True,
2461,8,مزارع الدوية,Mazari' Ad Dawayyah,مزارع الدويه,False,False,True,
2510,8,صديان,Sadyan,صديان,False,False,True,
2511,8,الوسيطاء,Al Wasayta,الوسيطاء,False,False,True,
2513,8,البويطن,Al Buwaytin,البويطن,False,False,True,
2514,8,بدائع العش,Badai' Al 'Ishsh,بدايع العش,False,False,True,
2515,8,صحي,Sahayy,صحي,False,False,True,
2516,8,الوبيرية,Al Wubayriyah,الوبيريه,False,False,True,
2517,8,قصيريات,Qusayriyat,قصيريات,False,False,True,
2518,8,سعيدان,Su'Aydan,سعيدان,False,False,True,
2519,8,جفيفاء,Jufayfa,جفيفاء,False,False,True,
2520,8,الغمياء,Al Ghamya,الغمياء,False,False,True,
2521,8,الفرحانية,Al Farhaniyah,الفرحانيه,False,False,True,
2522,8,المليح,Al Mulayh,المليح,False,False,True,
2523,8,حفيرة الشقيق,Hafirat Ash Shaqayq,حفيره الشقيق,False,False,True,
2524,8,جرمة,Jurumah,جرمه,False,False,True,
2525,8,السفن,As Sufun,السفن,False,False,True,
2526,8,منيفة القاعد,Munifat Al Qa'Id,منيفه القاعد,False,False,True,
2527,8,القاعد,Al Qa'Id,القاعد,False,False,True,
2528,8,الشعفة,Ash Sha'Afah,الشعفه,False,False,True,
2529,8,الدابية,Ad Dabiyah,الدابيه,False,False,True,
2530,8,الحويط,Al Huwayyit,الحويط,False,False,True,
2532,8,عمائر المرير,Ama'Ir Al Murayr,عماير المرير,False,False,True,
2533,8,بدع ابن خلف,Bid' Ibn Khalaf,بدع ابن خلف,False,False,True,
2534,8,المرير,Al Murayr,المرير,False,False,True,
2535,8,ام روشن,Umm Rawshan,ام روشن,False,False,True,
2536,8,صفيط,Sufayt,صفيط,False,False,True,
2537,8,النحيتية,An Nuhaytiyah,النحيتيه,False,False,True,
2538,8,مبرز,Mibarriz,مبرز,False,False,True,
2539,8,المعرش,Al Ma'Arrash,المعرش,False,False,True,
2540,8,العوشزية,Al 'Awshaziyah,العوشزيه,False,False,True,
2541,8,وسيطاء الحفن,Wusayta' Al Hafan,وسيطاء الحفن,False,False,True,
2542,8,البعايث,Al Ba'Ayith,البعايث,False,False,True,
2543,8,الزغيبية,Az Zughaibiyah,الزغيبيه,False,False,True,
2545,8,بدائع الصفران,Badai' As Sufran,بدايع الصفران,False,False,True,
2546,8,حمر القعساء,Humr Al Qa'Asa,حمر القعساء,False,False,True,
2547,8,حريد,Hurayd,حريد,False,False,True,
2548,8,الديماسة,Ad Dimasah,الديماسه,False,False,True,
2549,8,القعساء,Al Qa'Asa,القعساء,False,False,True,
2550,8,وتدة,Wutidah,وتده,False,False,True,
2551,8,عقيلة اللبن,'Uqaylat Al Laban,عقيله اللبن,False,False,True,
2552,8,البلازية,Al Ballaziyah,البلازيه,False,False,True,
2553,8,خنقة الرماحي,Khanqat Ar Rimahi,خنقه الرماحي,False,False,True,
2554,8,غسل,Ghisil,غسل,False,False,True,
2556,8,الرفايع,Ar Rufayi',الرفايع,False,False,True,
2557,8,قصير متروك,Qusayr Matruk,قصير متروك,False,False,True,
2558,8,كتيفة,Kutaifah,كتيفه,False,False,True,
2559,8,وسيط,Wusayt,وسيط,False,False,True,
2590,8,القصير,Al Qusayr,القصير,False,False,True,
2591,8,المهاش,Al Mahash,المهاش,False,False,True,
2592,8,القاعية,Al Qa'Iyah,القاعيه,False,False,True,
2593,8,بدائع قني,Badai' Qunay,بدايع قني,False,False,True,
2594,8,مغيضة,Mughaydah,مغيضه,False,False,True,
2595,8,بطيحان,Butayhan,بطيحان,False,False,True,
2596,8,القحصية,Al Qahsiyah,القحصيه,False,False,True,
2597,8,البنانة,Al Bananah,البنانه,False,False,True,
2598,8,الركية,Ar Rukayyah,الركيه,False,False,True,
2599,8,مرموثة العلم,Marmuthat Al 'Alam,مرموثه العلم,False,False,True,
2600,8,نخلة,Nakhlah,نخله,False,False,True,
2601,8,النميرة,An Numayyirah,النميره,False,False,True,
2602,8,قصيباء,Qusayba,قصيباء,False,False,True,
2603,8,ملحاء,Malha,ملحاء,False,False,True,
2604,8,الطرفاوي,At Tarfawi,الطرفاوي,False,False,True,
2605,8,الشقة,Ash Shiqqah,الشقه,False,False,True,
2606,8,الشعيلاء,Ash Shu'Ayla,الشعيلاء,False,False,True,
2917,8,قرية البطين,Qaryah Al Butain,قريه البطين,False,False,True,
2918,8,الخلصة,Al Khlusah,الخلصه,False,False,True,
3404,8,الجابرية,Al Jabriyah,الجابريه,False,False,True,
3429,8,الكدادية,Al Kadadiyah,الكداديه,False,False,True,
3430,8,القرينين,Alqarinin,القرينين,False,False,True,
3431,8,الزبيرة,Al Zubairah,الزبيره,False,False,True,
141,9,عرعر,Ar'Ar,عرعر,True,True,True,
142,9,رفحاء,Rafha',رفحاء,True,False,True,
143,9,طريف,Turaif,طريف,True,False,True,
144,9,العويقلية,Al Uwayqilah,العويقليه,True,False,True,
145,9,منفذ جديدة عرعر,Manfaz Jadedat Arar,منفذ جديده عرعر,False,False,True,
146,9,روضة ابن هباس,Rawdat Ibn Habas,روضه ابن هباس,False,False,True,
149,9,شعبة نصاب,Shou'Abt Nessab,شعبه نصاب,False,False,True,
350,9,لينة,Linah,لينه,False,False,True,
351,9,التمياط,Timiat,التمياط,False,False,True,
352,9,لوقة,Lawqah,لوقه,False,False,True,
353,9,السليمانية,السليمانية,السليمانيه,False,False,True,
404,9,الكاسب,Al Kasib,الكاسب,False,False,True,
2352,9,الجراني,Al Jirani,الجراني,False,False,True,
2353,9,الحماد,Al Hamad,الحماد,False,False,True,
2354,9,نعيج,Nu'Ayj,نعيج,False,False,True,
2355,9,قاع الحنو,Qa' Al Hinu,قاع الحنو,False,False,True,
2356,9,مركز الصحن,Markaz As Sahan,الصحن,False,False,True,
2358,9,أبا الرواث,Aba Ar Rawath,ابا الرواث,False,False,True,
2359,9,أم خنصر,Umm Khunsur,ام خنصر,False,False,True,
2360,9,حزم الجلاميد,Hazm Al Jalamid,حزم الجلاميد,False,False,True,
2361,9,الدويد,Ad Duwayd,الدويد,False,False,True,
2462,9,جديدة عرعر,Jadidat 'Ar'Ar,جديده عرعر,False,False,True,
2489,9,مركز أم الحيران,Markaz Umm Al Hiran,ام الحيران,False,False,True,
2490,9,مركز سماح الجديد,Markaz Samah Al Jadid,سماح الجديد,False,False,True,
2491,9,مركز الظهرة,Markaz Adh Dhahrah,الظهره,False,False,True,
2492,9,إبن سوقي,Ibn Suqi,ابن سوقي,False,False,True,
2493,9,نصاب,Nisab,نصاب,False,False,True,
2494,9,سماح,Samah,سماح,False,False,True,
2496,9,ام رضمة,Umm Rudmah,ام رضمه,False,False,True,
2497,9,ابن لغيصم,Ibn Lughaisim,ابن لغيصم,False,False,True,
2498,9,روضة هباس,Rawdat Habbas,روضه هباس,False,False,True,
2500,9,إبن شريم,Ibn Shuraym,ابن شريم,False,False,True,
2501,9,الشعبة,Ash Shu'Abah,الشعبه,False,False,True,
2503,9,المركوز,Al Markuz,المركوز,False,False,True,
2915,9,الاضارع,Al Adari,الاضارع,False,False,True,
29,10,جازان,Jazan,جازان,True,True,True,
103,10,صبيا,Sabya,صبيا,True,False,True,
104,10,ابو عريش,Abu Arish,ابو عريش,True,False,True,
105,10,بيش,Baysh,بيش,True,False,True,
106,10,العارضة,Al 'Aridah,العارضه,True,False,True,
107,10,الدائر,Aldaier Bani Malek,الداير,True,False,True,
111,10,فرسان,Farasan,فرسان,True,False,True,
113,10,الريث,Ar Rayth,الريث,True,False,True,
124,10,الشقيق,Al Shuqayq,الشقيق,True,False,True,
125,10,صامطة,Samtah,صامطه,True,False,True,
126,10,احد المسارحة,Ahad Al Musarihah,احد المسارحه,True,False,True,
130,10,ضمد,Damad,ضمد,True,False,True,
340,10,العيدابي,Al 'Aydabi,العيدابي,True,False,True,
385,10,فيفاء,Fayfa,فيفاء,True,False,True,
399,10,حرث,Harth,حرث,True,False,True,
403,10,الطوال,At Tuwal,الطوال,True,False,True,
1091,10,الدرب,Ad Darb,الدرب,True,False,True,
1142,10,هروب,Harub,هروب,True,False,True,
108,10,مدينة فيفا الشرقية,Viva Alsharqiya,فيفا الشرقيه,False,False,True,
109,10,مدينة فيفا الغربية,Viva Algharbiya,فيفا الغربيه,False,False,True,
110,10,عيبان,'Aiban,عيبان,False,False,True,
114,10,الحقو,Al Haqu,الحقو,False,False,True,
116,10,الدرب ( القياس ),Aldarb (Alqyas),الدرب ( القياس ),False,False,True,
117,10,العالية,Al 'Aliyah,العاليه,False,False,True,
122,10,الريان,Ar Rayyan,الريان,False,False,True,
129,10,الموسم,Al Muwassam,الموسم,False,False,True,
131,10,الشقيري,Ash Shuqairi,الشقيري,False,False,True,
333,10,الخشل,Al Khashal,الخشل,False,False,True,
345,10,الخوبة,Al Khawbah,الخوبه,False,False,True,
374,10,الحصمة,Al Hasamah,الحصمه,False,False,True,
375,10,الخارش,Al Kharish,الخارش,False,False,True,
376,10,السهي,As Sahi,السهي,False,False,True,
377,10,رمادا,Ramada,رمادا,False,False,True,
378,10,روان,Rawan,روان,False,False,True,
1087,10,قرار,Qarar,قرار,False,False,True,
1088,10,الكدارة,Al Kadarah,الكداره,False,False,True,
1092,10,ابو السداد,Abu As Sadad,ابو السداد,False,False,True,
1094,10,الحروف,Al Huruf,الحروف,False,False,True,
1095,10,عتود,'Itwad,عتود,False,False,True,
1096,10,رملان,Ramlan,رملان,False,False,True,
1097,10,المنجارة,Al Minjarah,المنجاره,False,False,True,
1098,10,الدولة,Ad Dawlah,الدوله,False,False,True,
1099,10,مسلية,Misliyah,مسليه,False,False,True,
1100,10,الفطيحة,Al Fatihah,الفطيحه,False,False,True,
1113,10,رخية,Rakhyah,رخيه,False,False,True,
1115,10,الرهوة,Al Rahwah,الرهوه,False,False,True,
1116,10,عثوان,'Athwan,عثوان,False,False,True,
1117,10,القعقاع,Al Qa'Qa',القعقاع,False,False,True,
1118,10,الشملاة,Ash Shamlah,الشملاه,False,False,True,
1119,10,السهية,As Suhayyah,السهيه,False,False,True,
1120,10,عراب,'Urab,عراب,False,False,True,
1121,10,الخطوة,Al Khutwah,الخطوه,False,False,True,
1122,10,الحناية,Al Hinnayah,الحنايه,False,False,True,
1123,10,النفيعة,An Nafi'Ah,النفيعه,False,False,True,
1124,10,زوزاء,Zawza,زوزاء,False,False,True,
1125,10,الركبة,Ar Rukbah,الركبه,False,False,True,
1126,10,العزة,Al 'Izzah,العزه,False,False,True,
1127,10,خويعمة,Khuway'Imah,خويعمه,False,False,True,
1128,10,الدخرة,Ad Dikarah,الدخره,False,False,True,
1129,10,الخشعة,Al Khashah,الخشعه,False,False,True,
1130,10,الكوابسة,Al Kawabisar,الكوابسه,False,False,True,
1131,10,الهيجاء,Al Hayja,الهيجاء,False,False,True,
1132,10,اليمانية,Al Yamaniyah,اليمانيه,False,False,True,
1134,10,الطرف,Al Taraf,الطرف,False,False,True,
1135,10,ظاهرة الصفا,Dhahirat As Safa,ظاهره الصفا,False,False,True,
1136,10,القاع,Al Qa',القاع,False,False,True,
1137,10,القتب,Al Qatab,القتب,False,False,True,
1138,10,الهياج,Al Hiyaj,الهياج,False,False,True,
1139,10,العقدة,Al 'Uqdah,العقده,False,False,True,
1141,10,مقزع,Muqza',مقزع,False,False,True,
1143,10,الشريعة,Ash Shari'Ah,الشريعه,False,False,True,
1144,10,الحجروف,Al Hajruf,الحجروف,False,False,True,
1145,10,نورة,Nurah,نوره,False,False,True,
1146,10,الأثلة,Al Athlah,الاثله,False,False,True,
1147,10,الحضن,Al Hadan,الحضن,False,False,True,
1148,10,القوز,Al Qawz,القوز,False,False,True,
1150,10,القوام,Al Quwam,القوام,False,False,True,
1151,10,المطعن,Al Mat'An,المطعن,False,False,True,
1152,10,العداية,Al 'Addayah,العدايه,False,False,True,
1153,10,الباحر,Al Bahir,الباحر,False,False,True,
1154,10,المعترض,Al Mu'Tarid,المعترض,False,False,True,
1155,10,نخلان,Nakhlan,نخلان,False,False,True,
1156,10,الغرا,Al Ghara,الغرا,False,False,True,
1157,10,العبادلة,Al 'Abadilah,العبادله,False,False,True,
1158,10,العريش,Al 'Arish,العريش,False,False,True,
1159,10,مشلحة,Mushallahah,مشلحه,False,False,True,
1160,10,الرايغة,Ar Rayighah,الرايغه,False,False,True,
1161,10,الملحاة,Al Malha,الملحاه,False,False,True,
1162,10,الدهنا,Ad Dahna,الدهنا,False,False,True,
1163,10,قائم الدش,Qa'Im Ad Dashsh,قايم الدش,False,False,True,
1164,10,صبيا الجديدة,Sabya Al Jadidah,صبيا الجديده,False,False,True,
1165,10,الكدمي,Al Kudmi,الكدمي,False,False,True,
1166,10,العشة,Al Ashah,العشه,False,False,True,
1167,10,السلام العليا,As Salam Al 'Ulya,السلام العليا,False,False,True,
1168,10,ابو القعايد,Abu Alqa'Ayid,ابو القعايد,False,False,True,
1169,10,ابو السلع,Abu As Sala',ابو السلع,False,False,True,
1171,10,غوان,Ghawwan,غوان,False,False,True,
1172,10,الحسيني,Al Husayni,الحسيني,False,False,True,
1173,10,الظبية,Al Dhabyah,الظبيه,False,False,True,
1174,10,الجمالة,Al Jammalah,الجماله,False,False,True,
1175,10,السبخة,Al Sabakhah,السبخه,False,False,True,
1176,10,الفقرة,Al Fiqarah,الفقره,False,False,True,
1177,10,خبت سعيدة,Khabt Sa'Idah,خبت سعيده,False,False,True,
1178,10,الحمي,Al Hima,الحمي,False,False,True,
1179,10,الجهو,Al Jahw,الجهو,False,False,True,
1180,10,القمري,Al Qumri / Amri /Omri,القمري,False,False,True,
1181,10,الخضيرة,Al Khudayrah,الخضيره,False,False,True,
1183,10,زبارة رشيد,Zabarat Rashid,زباره رشيد,False,False,True,
1184,10,قنبورة,Qanbura,قنبوره,False,False,True,
1515,10,القائم,Al Qaim,القايم,False,False,True,
1516,10,المحصام,Al Muhsam,المحصام,False,False,True,
1517,10,الحجاجة,Al Hajajah,الحجاجه,False,False,True,
1518,10,الجربة,Al Jirbah,الجربه,False,False,True,
1519,10,السادلية,As Sadiliyah,السادليه,False,False,True,
1520,10,مريخية,Muraykhiyah,مريخيه,False,False,True,
1521,10,العروس,Al 'Arus,العروس,False,False,True,
1522,10,الخزنة,Al Khuznah,الخزنه,False,False,True,
1523,10,العسيلة,Al 'Usaylah,العسيله,False,False,True,
1524,10,سد ملاكي,Sadd Malaki,سد ملاكي,False,False,True,
1525,10,الكتيفة,Al Kutayfah,الكتيفه,False,False,True,
1526,10,السيبة,As Syabah,السيبه,False,False,True,
1527,10,المرزوق,Al Marzuq,المرزوق,False,False,True,
1528,10,الحريقة,Al Hariqah,الحريقه,False,False,True,
1529,10,الرد,Ar Radd,الرد,False,False,True,
1530,10,دودة,Dudah,دوده,False,False,True,
1531,10,الدوشية,Ad Dawshiyah,الدوشيه,False,False,True,
1533,10,المقيدر,Al Muqaydir,المقيدر,False,False,True,
1534,10,السلامة,As Salamah,السلامه,False,False,True,
1535,10,الحميرة,Al Humayrah,الحميره,False,False,True,
1536,10,فلس,Falas,فلس,False,False,True,
1538,10,الصيابة,As Sayyabah,الصيابه,False,False,True,
1539,10,العباسية,Al 'Abbasiyah,العباسيه,False,False,True,
1540,10,الكروس,Al Kurus,الكروس,False,False,True,
1541,10,المبيت,Al Mubayyat,المبيت,False,False,True,
1542,10,السرداح,As Sirdah,السرداح,False,False,True,
1543,10,المعزاب,Al Mi'Zab,المعزاب,False,False,True,
1544,10,السودي,As Sudy,السودي,False,False,True,
1545,10,الحلحلة,Al Halhalah,الحلحله,False,False,True,
1546,10,وعلان,Wa'Lan,وعلان,False,False,True,
1547,10,البيسري,Al Baysuri,البيسري,False,False,True,
1548,10,ديحمة,Dayhamah,ديحمه,False,False,True,
1549,10,الخلايف,Al Khalayif,الخلايف,False,False,True,
1550,10,الشنامرة,Al Shanamirah,الشنامره,False,False,True,
1551,10,الجرادية,Al Juradiyah,الجراديه,False,False,True,
1552,10,ابو حجر الاسفل,Abu Hajar Al Asfal,ابو حجر الاسفل,False,False,True,
1553,10,الدغارير,Ad Dagharir,الدغارير,False,False,True,
1555,10,حاكمة الدغارير,Hakimat Ad Dagharir,حاكمه الدغارير,False,False,True,
1556,10,القفل,Al Qufl,القفل,False,False,True,
1558,10,اللقية,Al Laqyah,اللقيه,False,False,True,
1559,10,ابو حجر الأعلى,Abu Hajar Al A'La,ابو حجر الاعلي,False,False,True,
1560,10,النجامية,An Nujamiyah,النجاميه,False,False,True,
1561,10,شعب الذئب,Shi'B Adh Dhib,شعب الذيب,False,False,True,
1562,10,الخوجرة,Al Khawjarah,الخوجره,False,False,True,
1563,10,المجنة,Al Mijannah,المجنه,False,False,True,
1564,10,عنطوطة,Antutah,عنطوطه,False,False,True,
1565,10,الجاظع,Al Jadhi',الجاظع,False,False,True,
1566,10,الركوبة,Ar Rukubah,الركوبه,False,False,True,
1567,10,مجعر,Muj'Ur,مجعر,False,False,True,
1569,10,أبو طوق,Abu Tawq,ابو طوق,False,False,True,
1570,10,العقيل,Al 'Uqail,العقيل,False,False,True,
1571,10,ختب,Khatb,ختب,False,False,True,
1572,10,صير,Sir,صير,False,False,True,
1573,10,القصار,Al Qsar,القصار,False,False,True,
1574,10,المحرق,Al Muharq,المحرق,False,False,True,
1575,10,جنابه,Gnaba,جنابه,False,False,True,
1576,10,الميناء الجديد,New Port,الميناء الجديد,False,False,True,
1580,10,خبت البقر,Khabt Al Baqar,خبت البقر,False,False,True,
1581,10,الحنبة,Al Hanabah,الحنبه,False,False,True,
1582,10,عرق,Irq,عرق,False,False,True,
1583,10,أبو العشرة,Abu Al 'Usharah,ابو العشره,False,False,True,
1584,10,جرار,Jarrar,جرار,False,False,True,
1585,10,العيشة,Al 'Ayshah,العيشه,False,False,True,
1586,10,جبل عبادل,Jabal 'Abadil,جبل عبادل,False,False,True,
1587,10,البحثة,Al Bihthah,البحثه,False,False,True,
1588,10,المجازيع,Al Mijazi,المجازيع,False,False,True,
1589,10,المسكية,Al Maskiyah,المسكيه,False,False,True,
1590,10,حمية,Hamayah,حميه,False,False,True,
1591,10,السحار,As Sahhar,السحار,False,False,True,
1592,10,القصبة,Al Qasabah,القصبه,False,False,True,
1595,10,قيس,Qays,قيس,False,False,True,
1596,10,الوحلة,Al Wahlah,الوحله,False,False,True,
1597,10,العشوة,Al 'Ishwah,العشوه,False,False,True,
1598,10,الفقهاء,Al Fuqha,الفقهاء,False,False,True,
1599,10,دحيقة,Duhayqah,دحيقه,False,False,True,
1600,10,الشواجرة,Ash Shawajirah,الشواجره,False,False,True,
1601,10,بخشة,Bakhshah,بخشه,False,False,True,
1602,10,الاساملة,Al Asamilah,الاسامله,False,False,True,
1603,10,الخلفة,Al Khalfah,الخلفه,False,False,True,
1604,10,جاضع المحاضين,Jadi' Al Mahadin,جاضع المحاضين,False,False,True,
1605,10,الخمس,Al Khums,الخمس,False,False,True,
1606,10,مستورة,Masturah,مستوره,False,False,True,
1607,10,السداد,As Sudad,السداد,False,False,True,
1608,10,الزهبين,Az Zahabayn,الزهبين,False,False,True,
1609,10,صنبة,Sanbah,صنبه,False,False,True,
1610,10,المعبوج,Al Ma'Buj,المعبوج,False,False,True,
1611,10,الخصاوية,Al Khasawiyah,الخصاويه,False,False,True,
1612,10,المضاية,Al Madayah,المضايه,False,False,True,
1613,10,البديع والقرفي,Al Badi' Wal Qarafi,البديع والقرفي,False,False,True,
1614,10,مزهرة,Mizhirah,مزهره,False,False,True,
1615,10,الكربوص,Al Karbus,الكربوص,False,False,True,
1616,10,الواصلي,Al Wasili,الواصلي,False,False,True,
1618,10,قامزة,Qamizah,قامزه,False,False,True,
1619,10,شهرين,Shahrayn,شهرين,False,False,True,
1620,10,المروة,Al Marwah,المروه,False,False,True,
1621,10,الظهر,Adh Dhahar,الظهر,False,False,True,
1622,10,العقم,Al 'Aqum,العقم,False,False,True,
1623,10,الصبخاية,As Subkhayah,الصبخايه,False,False,True,
1624,10,جلاح,Jilah,جلاح,False,False,True,
1625,10,الراحة,Ar Rahah,الراحه,False,False,True,
1626,10,المهدف,Al Mihdaf,المهدف,False,False,True,
1627,10,مخشوش,Makhshush,مخشوش,False,False,True,
1628,10,القحمة,Al Qahmah,القحمه,False,False,True,
1630,10,الجابري,Al Jabiri,الجابري,False,False,True,
1631,10,جحا,Juha,جحا,False,False,True,
1632,10,السر,As Sirr,السر,False,False,True,
2148,10,الهجنبة,Al Hijanbah,الهجنبه,False,False,True,
2149,10,الشطيفية,Ash Shutayfiyah,الشطيفيه,False,False,True,
2150,10,الحصامة,Al Hassamah,الحصامه,False,False,True,
2151,10,الخضراء الشمالية,Al Khadra Ash Shamaliyah,الخضراء الشماليه,False,False,True,
2152,10,السويدية,Al Suwaydiyah,السويديه,False,False,True,
2153,10,رعشة,Rashah,رعشه,False,False,True,
2154,10,المجامة,Al Mujammah,المجامه,False,False,True,
2155,10,المخشلية,Al Mukhashshaliyah,المخشليه,False,False,True,
2156,10,الحامضة,Al Hamidah,الحامضه,False,False,True,
2157,10,الجعدية,Al Ja'Diyah,الجعديه,False,False,True,
2158,10,المحامل,Al Mahamil,المحامل,False,False,True,
2159,10,حاكمة,Hakimah,حاكمه,False,False,True,
2160,10,الحجفار,Al Hijfar,الحجفار,False,False,True,
2161,10,الطاهرية,At Tahiriyah,الطاهريه,False,False,True,
2162,10,الحضرور,Al Hadrur,الحضرور,False,False,True,
2163,10,الدريعية,Ad Duray'Iyah,الدريعيه,False,False,True,
2164,10,البدوي,Al Badawi,البدوي,False,False,True,
2165,10,الهلية,Al Halliyah,الهليه,False,False,True,
2166,10,الحنيني,Al Hanini,الحنيني,False,False,True,
2167,10,قمعة,Qama'Ah,قمعه,False,False,True,
2170,10,المحطة,Al Mahattah,المحطه,False,False,True,
2171,10,الحقلة,Al Haqlah,الحقله,False,False,True,
2172,10,أبو الرديف,Abu Ar Radif,ابو الرديف,False,False,True,
3073,10,ابو العشرة,Abu Al Usharah,ابو العشره,False,False,True,
3075,10,ابو حجر الاعلى,Abu Hajar Al Ala,ابو حجر الاعلي,False,False,True,
3168,10,الدهناء,Ad Dahna,الدهناء,False,False,True,
3356,10,أم الحجل,Umm Al Hajal,ام الحجل,False,False,True,
3405,10,المقرقم,Al Maqarqam,المقرقم,False,False,True,
30,11,نجران,Najran,نجران,True,True,True,
132,11,شرورة,Sharurah,شروره,True,False,True,
133,11,يدمة,Yadamah,يدمه,True,False,True,
134,11,ثار,Thar,ثار,True,False,True,
135,11,حبونا,Hubuna,حبونا,True,False,True,
136,11,بدر الجنوب,Badr Al Janub,بدر الجنوب,True,False,True,
343,11,خباش,خباش,خباش,True,False,True,
347,11,الخرخير,Al Kharkhir,الخرخير,True,False,True,
371,11,الوديعة,Al Wadi'Ah,الوديعه,False,False,True,
612,11,زور العقارب,Zur Al 'Aqarib,زور العقارب,False,False,True,
613,11,الغافية,Al Ghafiyah,الغافيه,False,False,True,
614,11,صفاه,Sufah,صفاه,False,False,True,
615,11,العضبات,Al 'Adabat,العضبات,False,False,True,
616,11,قطان,Qatan,قطان,False,False,True,
617,11,حمى,Hima,حمي,False,False,True,
1031,11,ام الوهط,Umm Al Whaht,ام الوهط,False,False,True,
1032,11,المنخلي,Al Minkhali,المنخلي,False,False,True,
1033,11,خد قيس,Khad Qays,خد قيس,False,False,True,
1034,11,الحمضة,Al Hamdah,الحمضه,False,False,True,
1035,11,تريمة,Tirimah,تريمه,False,False,True,
1036,11,الظاهرة,Adh Dhahirah,الظاهره,False,False,True,
1037,11,رضية,Rudayyah,رضيه,False,False,True,
1038,11,حزامة,Hazamah,حزامه,False,False,True,
1039,11,الحرشف,Al Harshaf,الحرشف,False,False,True,
1040,11,هدادة,Hadadah,هداده,False,False,True,
1041,11,الخانق,Al Khaniq,الخانق,False,False,True,
1042,11,الجفة,Al Jifah,الجفه,False,False,True,
1043,11,شقة الكناور,Shiqqat Al Kanawir,شقه الكناور,False,False,True,
1044,11,التماني,At Tamani,التماني,False,False,True,
1078,11,الهويمل,Al Huwaymil,الهويمل,False,False,True,
1079,11,بئر خباش,Bir Khubash,بير خباش,False,False,True,
1080,11,الخضراء,Al Khadra',الخضراء,False,False,True,
1081,11,قابل منيف,Qabil Minif,قابل منيف,False,False,True,
1082,11,الهويد,Al Hawid,الهويد,False,False,True,
1083,11,الحجف,Al Hijf,الحجف,False,False,True,
1084,11,الدواس,Ad Dawas,الدواس,False,False,True,
1085,11,لاهومة,Lahumah,لاهومه,False,False,True,
1086,11,الحصينية,Al Husayniyah,الحصينيه,False,False,True,
1101,11,الفيصلية,Al Faysaliyah,الفيصليه,False,False,True,
1102,11,معمر ريمان,Ma'Mar Riman,معمر ريمان,False,False,True,
1103,11,دوح,Dawwah,دوح,False,False,True,
1105,11,النقعاء,An Naq'A,النقعاء,False,False,True,
1106,11,بئر عسكر,Bi'R 'Askar,بير عسكر,False,False,True,
1107,11,نهوقة,Nahuqah,نهوقه,False,False,True,
1108,11,ال شهي,Al Shahi,ال شهي,False,False,True,
1109,11,رجلاء,Rijla',رجلاء,False,False,True,
1110,11,آل سوار,Alsuwar,ال سوار,False,False,True,
1111,11,المجمع,Al Majma,المجمع,False,False,True,
1112,11,العريسة,Al 'Arayyisah,العريسه,False,False,True,
1820,11,حمراء نثيل / ابو شداد,Hamrah Nithil (Abu Shadad),حمراء نثيل / ابو شداد,False,False,True,
1821,11,خجيم,Khajim,خجيم,False,False,True,
1822,11,ابا الرخم,Aba Ar Rakham,ابا الرخم,False,False,True,
1823,11,مركز الوجيد,Markaz Al Wujid,الوجيد,False,False,True,
1824,11,ظلماء,Dhalma',ظلماء,False,False,True,
3355,11,أم الدوم,Umm Ad Dawm,ام الدوم,False,False,True,
31,12,الباحة,Al Baha,الباحه,True,True,True,
51,12,بلجرشي,Biljurashi,بلجرشي,True,False,True,
52,12,العقيق,Al Aqiq,العقيق,True,False,True,
53,12,القرى,Alqura,القري,True,False,True,
54,12,قلوة,Qilwah,قلوه,True,False,True,
55,12,المخواة,Mekhwa,المخواه,True,False,True,
56,12,المندق,Al Mandaq,المندق,True,False,True,
314,12,غامد الزناد,Ghamid Az Zinad,غامد الزناد,True,False,True,
396,12,بني حسن,Bani Hasan,بني حسن,True,False,True,
262,12,بني ظبيان,Bani Dhabyan,بني ظبيان,False,False,True,
304,12,بني كبير,Bani Kabir,بني كبير,False,False,True,
311,12,بيده,بيده,بيده,False,False,True,
312,12,الشعراء,Ash Sha'Ara',الشعراء,False,False,True,
313,12,الحجره,الحجره,الحجره,False,False,True,
315,12,الصغره,الصغره,الصغره,False,False,True,
580,12,بني فروة,Bani Farwah,بني فروه,False,False,True,
581,12,خدعة,Khid'Ah,خدعه,False,False,True,
582,12,الحضيري,Al Hudayri,الحضيري,False,False,True,
583,12,النعرة,An Na'Arah,النعره,False,False,True,
584,12,الثودة,Ath Thudah,الثوده,False,False,True,
585,12,جعبة,Ji'Abah,جعبه,False,False,True,
586,12,بني سار,Bani Sar,بني سار,False,False,True,
587,12,الربوة,Ar Rabwah,الربوه,False,False,True,
588,12,الحشرج,Al Hashraj,الحشرج,False,False,True,
589,12,مرازيق,Maraziq,مرازيق,False,False,True,
590,12,المطرية,Al Mutariyah,المطريه,False,False,True,
591,12,معشوقة,Ma'Shuqah,معشوقه,False,False,True,
592,12,وراخ,Wurakh,وراخ,False,False,True,
593,12,جرب,Jarab,جرب,False,False,True,
594,12,كرا الحائط,Kara Al Hait,كرا الحايط,False,False,True,
595,12,النصباء,An Nasba,النصباء,False,False,True,
596,12,بالحكم,Balhakam,بالحكم,False,False,True,
597,12,آل صقاعة,Al Suqa'Ah,ال صقاعه,False,False,True,
598,12,المغثة,Al Maghthah,المغثه,False,False,True,
599,12,حظوة,Hadhwah,حظوه,False,False,True,
600,12,العقب,Al 'Aqib,العقب,False,False,True,
601,12,عمضان,'Amdan,عمضان,False,False,True,
602,12,آل حبيبة,Al Habibah,ال حبيبه,False,False,True,
603,12,مراوة,Marawah,مراوه,False,False,True,
604,12,الصفح,As Safh,الصفح,False,False,True,
605,12,بالخزمر,Bal Khazmar,بالخزمر,False,False,True,
607,12,ال نعمة,Al Na'Mah,ال نعمه,False,False,True,
608,12,دوس,Daws,دوس,False,False,True,
609,12,الطرف,At Taraf,الطرف,False,False,True,
610,12,الخليف,Al Khalif,الخليف,False,False,True,
611,12,أبو غبار,Abu Ghubar,ابو غبار,False,False,True,
2133,12,إبن غوف,Ibn Ghuf,ابن غوف,False,False,True,
2134,12,الميفا,Al Mifa,الميفا,False,False,True,
2135,12,القرن,Al Qarn,القرن,False,False,True,
2136,12,الامرة,Al Umrah,الامره,False,False,True,
2137,12,النجيل,An Nijil,النجيل,False,False,True,
2138,12,الطيف,At Tayf,الطيف,False,False,True,
2139,12,السمعة,As Sama'Ah,السمعه,False,False,True,
2140,12,نابر,Nabir,نابر,False,False,True,
2141,12,الضاحي,Ad Dahi,الضاحي,False,False,True,
2142,12,الزرعة,Az Zira'Ah,الزرعه,False,False,True,
2143,12,الاشيرة,Al Ishayrah,الاشيره,False,False,True,
2144,12,الصور,As Sur,الصور,False,False,True,
2145,12,فرعة العطاردة,Fara'T Al 'Atardah,فرعه العطارده,False,False,True,
2146,12,القهب,Al Qahab,القهب,False,False,True,
2147,12,الحصحص,Al Hashas,الحصحص,False,False,True,
2607,12,الحجرة,Al Hajrah,الحجره,False,False,True,
2633,12,الإشتاء,Al Ishta,الاشتاء,False,False,True,
2634,12,المكاتيم,Al Makatim,المكاتيم,False,False,True,
2635,12,الحكمان,Al Hukman,الحكمان,False,False,True,
2636,12,الكلبة,Al Kalibah,الكلبه,False,False,True,
2637,12,الثراوين,Ath Tharawin,الثراوين,False,False,True,
2638,12,قريش الحسن,Quraysh Al Hasan,قريش الحسن,False,False,True,
2639,12,الضبيعات,Ad Dubay'At,الضبيعات,False,False,True,
2640,12,وادي بطحان,Wadi Bathan,وادي بطحان,False,False,True,
2641,12,الكرادسة,Al Karadisah,الكرادسه,False,False,True,
2642,12,سبيحة العليا,Sabihah Al 'Ulya,سبيحه العليا,False,False,True,
2644,12,الاطاولة,Al Atawlah,الاطاوله,False,False,True,
2645,12,بيدة,Baydah,بيده,False,False,True,
2646,12,القسمة,Al Qisamah,القسمه,False,False,True,
2647,12,نخال,Nikhal,نخال,False,False,True,
2694,12,الهضبة,Al Hadabah,الهضبه,False,False,True,
2695,12,الأبناء,Al Abna,الابناء,False,False,True,
2696,12,بني جرة,Bani Jarrah,بني جره,False,False,True,
2697,12,آل مرزوق,Al Marzuq,ال مرزوق,False,False,True,
2699,12,جبر,Jabr,جبر,False,False,True,
2700,12,حوالة,Hawalah,حواله,False,False,True,
2701,12,الأزاهرة,Al Azahirah,الازاهره,False,False,True,
2702,12,دارالسوق,Dar As Suq,دارالسوق,False,False,True,
2703,12,الحمران,Al Humran,الحمران,False,False,True,
2704,12,الرهوة,Ar Rahwah,الرهوه,False,False,True,
2705,12,بالشهم,Bal Shaham,بالشهم,False,False,True,
2706,12,بادية بني كبير,Badiyat Bani Kabir,باديه بني كبير,False,False,True,
2707,12,بلعلاء,Bal'Ala,بلعلاء,False,False,True,
2708,12,العفوص,Al 'Ufus,العفوص,False,False,True,
2709,12,خيرة,Khirah,خيره,False,False,True,
2710,12,قرن ظبي,Qarn Dhabi,قرن ظبي,False,False,True,
2711,12,شبرقة,Shibriqah,شبرقه,False,False,True,
2712,12,الغشامرة,Al Ghashamrah,الغشامره,False,False,True,
2713,12,العباس,Al 'Abbas,العباس,False,False,True,
2714,12,رغدان,Raghdan,رغدان,False,False,True,
2715,12,الظفير,Adh Dhafir,الظفير,False,False,True,
2716,12,بيضان,Baydan,بيضان,False,False,True,
2717,12,الصغرة,As Saghrah,الصغره,False,False,True,
2824,12,قراما,Qurama,قراما,False,False,True,
2825,12,العياش,Al 'Ayyash,العياش,False,False,True,
2826,12,آل سعيد,Al Sa'Id,ال سعيد,False,False,True,
2827,12,الغصنة,Al Ghasanah,الغصنه,False,False,True,
2829,12,نيرا,Nira,نيرا,False,False,True,
2830,12,الجوة,Al Jiwah,الجوه,False,False,True,
2831,12,الفرع,Al Far',الفرع,False,False,True,
2832,12,الهتافرة,Al Hatafirah,الهتافره,False,False,True,
2833,12,القريع,Al Qari',القريع,False,False,True,
2834,12,المسودة,Al Maswadah,المسوده,False,False,True,
2835,12,الحشو,Al Hashu,الحشو,False,False,True,
2836,12,فرعة بني سهيم,Fara'T Bani Suhaym,فرعه بني سهيم,False,False,True,
2837,12,العقدة,Al 'Uqdah,العقده,False,False,True,
2838,12,العواصية,Al 'Awasiyah,العواصيه,False,False,True,
2839,12,القصيباء,Al Qusayba,القصيباء,False,False,True,
2841,12,الحصن,Al Husn,الحصن,False,False,True,
2842,12,نصبة,Nusubah,نصبه,False,False,True,
2843,12,ناوان,Nawan,ناوان,False,False,True,
3099,12,ال حميد,Al Himayd,ال حميد,False,False,True,
3109,12,ال صقاعة,Al Suqaah,ال صقاعه,False,False,True,
3136,12,الاشتاء,Al Ishta,الاشتاء,False,False,True,
3412,12,القرن,Al Qarn,القرن,False,False,True,
32,13,سكاكا,Sakaka,سكاكا,True,True,True,
138,13,القريات,Al Qurayyat,القريات,True,False,True,
139,13,طبرجل,Tabarjjal,طبرجل,True,False,True,
140,13,دومة الجندل,Dawmat Al Jandal,دومه الجندل,True,False,True,
219,13,العيساوية,Al Isawiyah,العيساويه,False,False,True,
220,13,منفذ الحديثة,Haditha,منفذ الحديثه,False,False,True,
224,13,النبك ابو القصر,Nabak Abo Kasur,النبك ابو القصر,False,False,True,
263,13,زلوم,Zallum,زلوم,False,False,True,
264,13,صوير,Suwayr,صوير,False,False,True,
265,13,قارا,Qara,قارا,False,False,True,
338,13,الناصفة,An Nasifah,الناصفه,False,False,True,
1639,13,السليمانية,As Sulaimaniyah,السليمانيه,False,False,True,
2463,13,كاف,Kaf,كاف,False,False,True,
2464,13,القرقر,Al Qarqar,القرقر,False,False,True,
2465,13,إثرة,Ithrah,اثره,False,False,True,
2466,13,غطي,Ghutayy,غطي,False,False,True,
2467,13,عين الحواسي,'Ayn Al Hawasi,عين الحواسي,False,False,True,
2468,13,قليب خضر,Qulayyib Khudr,قليب خضر,False,False,True,
2469,13,الحديثة,Al Hadithah,الحديثه,False,False,True,
2470,13,الشقيق,Ash Saqayq,الشقيق,False,False,True,
2471,13,الحوي,Al Hawi,الحوي,False,False,True,
2473,13,حدرج,Hidrij,حدرج,False,False,True,
2474,13,ام طليحة,Umm Tulayhah,ام طليحه,False,False,True,
2475,13,اللقايط,Al Laqayit,اللقايط,False,False,True,
2476,13,صبيحة,Subayhah,صبيحه,False,False,True,
2478,13,الفياض,Al Fiyad,الفياض,False,False,True,
2480,13,الثنية,Ath Thaniyah,الثنيه,False,False,True,
2481,13,ام نخيلة,Umm Nukhaylah,ام نخيله,False,False,True,
2482,13,المرير,Al Murayr,المرير,False,False,True,
2484,13,النبك ابو قصر,An Nabk Abu Qasr,النبك ابو قصر,False,False,True,
2485,13,طلعة عمار,Tal'At 'Ammar,طلعه عمار,False,False,True,
2486,13,عذفاء,'Adhfa,عذفاء,False,False,True,
2487,13,خوعاء,Khaw'A',خوعاء,False,False,True,
2488,13,الشويحطية,Ash Shuwayhitiyah,الشويحطيه,False,False,True,
2504,13,ميقوع,Mayqu',ميقوع,False,False,True,
2505,13,الأضارع,Al Adari',الاضارع,False,False,True,
2506,13,صفان,Safan,صفان,False,False,True,
2507,13,الرديفة,Ar Radifah,الرديفه,False,False,True,
2508,13,ابو عجرم,Abu 'Ajram,ابو عجرم,False,False,True,
2509,13,الطوير,At Tuwayr,الطوير,False,False,True,
